,住所CD,都道府県CD,市区町村CD,町域CD,郵便番号,事業所フラグ,廃止フラグ,都道府県,都道府県カナ,市区町村,市区町村カナ,町域,町域カナ,町域補足,京都通り名,字丁目,字丁目カナ,補足,事業所名,事業所名カナ,事業所住所,新住所CD,住所,lat,lonn
46440,160857100,13,13104,131040001,160-8571,1,0,東京都,トウキョウト,新宿区,シンジュクク,愛住町,アイズミチョウ,,,,,,株式会社　太田出版,カブシキカイシヤ　オオタシユツパン,愛住町２２第三山田ビル４Ｆ,,東京都新宿区愛住町２２第三山田ビル４Ｆ,35.691802,
46444,162858500,13,13104,131040004,162-8585,1,0,東京都,トウキョウト,新宿区,シンジュクク,揚場町,アゲバチョウ,,,,,,株式会社　ＴＫＣ　東京本社,カブシキガイシヤ　テイケ－シ－　トウキヨウホンシヤ,揚場町２番１号軽子坂ＭＮビル５階,,東京都新宿区揚場町２番１号軽子坂ＭＮビル５階,35.701951,
46445,162855600,13,13104,131040004,162-8556,1,0,東京都,トウキョウト,新宿区,シンジュクク,揚場町,アゲバチョウ,,,,,,株式会社　銀座コージーコーナー,カブシキガイシヤ　ギンザコ－ジ－コ－ナ－,揚場町２－２６,,東京都新宿区揚場町２－２６,35.702407,
46446,162858700,13,13104,131040004,162-8587,1,0,東京都,トウキョウト,新宿区,シンジュクク,揚場町,アゲバチョウ,,,,,,土地興業　株式会社,トチコウギヨウ　カブシキガイシヤ,揚場町２－１８,,東京都新宿区揚場町２－１８,35.702687,
46447,162856500,13,13104,131040004,162-8565,1,0,東京都,トウキョウト,新宿区,シンジュクク,揚場町,アゲバチョウ,,,,,,大興電子通信　株式会社,ダイコウデンシツウシン　カブシキガイシヤ,揚場町２－１,,東京都新宿区揚場町２－１,35.701819,
46449,160852900,13,13104,131040005,160-8529,1,0,東京都,トウキョウト,新宿区,シンジュクク,荒木町,アラキチョウ,,,,,,社団法人　金融財政事情研究会　検定センター,シヤダンホウジン　キンユウザイセイジジヨウケンキユウカイ　ケンテイセンタ－,荒木町２－３,,東京都新宿区荒木町２－３,35.688804,
46451,162800100,13,13104,131040006,162-8001,1,0,東京都,トウキョウト,新宿区,シンジュクク,市谷加賀町,イチガヤカガチョウ,,,,,,大日本印刷　株式会社,ダイニツポンインサツ　カブシキガイシヤ,市谷加賀町１丁目１－１,,東京都新宿区市谷加賀町１丁目１－１,35.695623,
46454,162840700,13,13104,131040008,162-8407,1,0,東京都,トウキョウト,新宿区,シンジュクク,市谷砂土原町,イチガヤサドハラチョウ,,,,,,新日本法規出版　株式会社,ニホンホウキシユツパン　カブシキガイシヤ,市谷砂土原町２丁目６,,東京都新宿区市谷砂土原町２丁目６,35.695972,
46455,162846000,13,13104,131040008,162-8460,1,0,東京都,トウキョウト,新宿区,シンジュクク,市谷砂土原町,イチガヤサドハラチョウ,,,,,,公益財団法人　東京都予防医学協会　代謝異常検査センター,コウエキザイダンホウジン　トウキヨウトヨボウイガクキヨウカイ　タイシヤイジヨウケンサセンタ－,市谷砂土原町１－２－５９,,東京都新宿区市谷砂土原町１－２－５９,35.694281,
46456,162844000,13,13104,131040008,162-8440,1,0,東京都,トウキョウト,新宿区,シンジュクク,市谷砂土原町,イチガヤサドハラチョウ,,,,,,東京産婦人科医会,トウキヨウサンフジンカイカイ,市谷砂土原町１丁目２保健会館内,,東京都新宿区市谷砂土原町１丁目２保健会館内,35.693781,
46457,162845000,13,13104,131040008,162-8450,1,0,東京都,トウキョウト,新宿区,シンジュクク,市谷砂土原町,イチガヤサドハラチョウ,,,,,,株式会社　偕成社,カブシキガイシヤ　カイセイシヤ,市谷砂土原町３丁目５,,東京都新宿区市谷砂土原町３丁目５,35.696412,
46458,162800500,13,13104,131040008,162-8005,1,0,東京都,トウキョウト,新宿区,シンジュクク,市谷砂土原町,イチガヤサドハラチョウ,,,,,,公益財団法人　東京都予防医学協会,コウエキザイダンホウジン　トウキヨウトヨボウイガクキヨウカイ,市谷砂土原町１－２－５９,,東京都新宿区市谷砂土原町１－２－５９,35.694281,
46459,162840200,13,13104,131040008,162-8402,1,0,東京都,トウキョウト,新宿区,シンジュクク,市谷砂土原町,イチガヤサドハラチョウ,,,,,,公益財団法人　東京都予防医学協会,コウエキザイダンホウジン　トウキヨウトヨボウイガクキヨウカイ,市谷砂土原町１－２－５９,,東京都新宿区市谷砂土原町１－２－５９,35.694281,
46460,162842200,13,13104,131040008,162-8422,1,0,東京都,トウキョウト,新宿区,シンジュクク,市谷砂土原町,イチガヤサドハラチョウ,,,,,,菱電エレベータ施設　株式会社,リヨウデンエレベ－タシセツ　カブシキガイシヤ,市谷砂土原町２丁目４番地,,東京都新宿区市谷砂土原町２丁目４番地,35.695795,
46465,162847800,13,13104,131040012,162-8478,1,0,東京都,トウキョウト,新宿区,シンジュクク,市谷田町,イチガヤタマチ,,,,,,中央大学　市ヶ谷田町キャンパス,チユウオウダイガク　イチガヤタマチキヤンパス,市谷田町１丁目１８番,,東京都新宿区市谷田町１丁目１８番,35.693687,
46466,162847600,13,13104,131040012,162-8476,1,0,東京都,トウキョウト,新宿区,シンジュクク,市谷田町,イチガヤタマチ,,,,,,株式会社　インテリジェンス,カブシキガイシヤ　インテリジエンス,市谷田町１丁目１８,,東京都新宿区市谷田町１丁目１８,35.693687,
46471,162841500,13,13104,131040016,162-8415,1,0,東京都,トウキョウト,新宿区,シンジュクク,市谷船河原町,イチガヤフナガワラマチ,,,,,,アンスティチュ・フランセ東京,アンステイチユ・フランセトウキヨウ,市谷船河原町１５,,東京都新宿区市谷船河原町１５,35.698347,
46472,162844800,13,13104,131040016,162-8448,1,0,東京都,トウキョウト,新宿区,シンジュクク,市谷船河原町,イチガヤフナガワラマチ,,,,,,一般社団法人　家の光協会,イツパンシヤダンホウジン　イエノヒカリキヨウカイ,市谷船河原町１１,,東京都新宿区市谷船河原町１１,35.698325,
46474,162847300,13,13104,131040017,162-8473,1,0,東京都,トウキョウト,新宿区,シンジュクク,市谷本村町,イチガヤホンムラチョウ,,,,,,中央大学　市ヶ谷キャンパス,チユウオウダイガク　イチガヤキヤンパス,市谷本村町４２－８,,東京都新宿区市谷本村町４２－８,35.69277,
46475,162847100,13,13104,131040017,162-8471,1,0,東京都,トウキョウト,新宿区,シンジュクク,市谷本村町,イチガヤホンムラチョウ,,,,,,経済アナリスト協会,ケイザイアナリストキヨウカイ,市谷本村町３－２１経済法令ビル,,東京都新宿区市谷本村町３－２１経済法令ビル,35.690911,
46476,162846400,13,13104,131040017,162-8464,1,0,東京都,トウキョウト,新宿区,シンジュクク,市谷本村町,イチガヤホンムラチョウ,,,,,,銀行業務検定協会,ギンコウギヨウムケンサキヨウカイ,市谷本村町３－２１,,東京都新宿区市谷本村町３－２１,35.690894,
46477,162845500,13,13104,131040017,162-8455,1,0,東京都,トウキョウト,新宿区,シンジュクク,市谷本村町,イチガヤホンムラチョウ,,,,,,株式会社　井田両国堂,カブシキガイシヤ　イダリヨウゴクドウ,市谷本村町１－１住友市ケ谷ビル,,東京都新宿区市谷本村町１－１住友市ケ谷ビル,35.691178,
46478,162842100,13,13104,131040017,162-8421,1,0,東京都,トウキョウト,新宿区,シンジュクク,市谷本村町,イチガヤホンムラチョウ,,,,,,株式会社　経済法令研究会,カブシキガイシヤ　ケイザイホウレイケンキユウカイ,市谷本村町３－２１,,東京都新宿区市谷本村町３－２１,35.690894,
46479,162841200,13,13104,131040017,162-8412,1,0,東京都,トウキョウト,新宿区,シンジュクク,市谷本村町,イチガヤホンムラチョウ,,,,,,独立行政法人　日本学生支援機構,ドクリツギヨウセイホウジン　ニホンガクセイシエンキコウ,市谷本村町１０－７,,東京都新宿区市谷本村町１０－７,35.694615,
46480,162841100,13,13104,131040017,162-8411,1,0,東京都,トウキョウト,新宿区,シンジュクク,市谷本村町,イチガヤホンムラチョウ,,,,,,株式会社　福田組　東京本店,カブシキガイシヤ　フクダグミ　トウキヨウホンテン,市谷本村町３－２６,,東京都新宿区市谷本村町３－２６,35.691017,
46481,162843300,13,13104,131040017,162-8433,1,0,東京都,トウキョウト,新宿区,シンジュクク,市谷本村町,イチガヤホンムラチョウ,,,,,,独立行政法人　国際協力機構研究所,ドクリツギヨウセイホウジン　コクサイキヨウリヨクキコウケンキユウジヨ,市谷本村町１０－５,,東京都新宿区市谷本村町１０－５,35.694496,
46482,162880600,13,13104,131040017,162-8806,1,0,東京都,トウキョウト,新宿区,シンジュクク,市谷本村町,イチガヤホンムラチョウ,,,,,,防衛省　情報本部,ボウエイシヨウ　ジヨウホウホンブ,市谷本村町５－１,,東京都新宿区市谷本村町５－１,35.692694,
46483,162880400,13,13104,131040017,162-8804,1,0,東京都,トウキョウト,新宿区,シンジュクク,市谷本村町,イチガヤホンムラチョウ,,,,,,防衛省　航空幕僚監部,ボウエイシヨウ　コウクウバクリヨウカンブ,市谷本村町５－１,,東京都新宿区市谷本村町５－１,35.692694,
46484,162885000,13,13104,131040017,162-8850,1,0,東京都,トウキョウト,新宿区,シンジュクク,市谷本村町,イチガヤホンムラチョウ,,,,,,自衛隊　東京地方　協力本部,ジエイタイ　トウキヨウチホウ　キヨウリヨクホンブ,市谷本村町１０番１号,,東京都新宿区市谷本村町１０番１号,35.694957,
46485,162883000,13,13104,131040017,162-8830,1,0,東京都,トウキョウト,新宿区,シンジュクク,市谷本村町,イチガヤホンムラチョウ,,,,,,防衛省　技術研究本部,ボウエイシヨウ　ギジユツケンキユウホンブ,市谷本村町５－１,,東京都新宿区市谷本村町５－１,35.692694,
46486,162880800,13,13104,131040017,162-8808,1,0,東京都,トウキョウト,新宿区,シンジュクク,市谷本村町,イチガヤホンムラチョウ,,,,,,防衛省防衛研究所,ボウエイシヨウボウエイケンキユウジヨ,市谷本村町５－１,,東京都新宿区市谷本村町５－１,35.692694,
46487,162886000,13,13104,131040017,162-8860,1,0,東京都,トウキョウト,新宿区,シンジュクク,市谷本村町,イチガヤホンムラチョウ,,,,,,防衛省　装備施設本部,ボウエイシヨウ　ソウビシセツホンブ,市谷本村町５－１,,東京都新宿区市谷本村町５－１,35.692694,
46488,162880700,13,13104,131040017,162-8807,1,0,東京都,トウキョウト,新宿区,シンジュクク,市谷本村町,イチガヤホンムラチョウ,,,,,,防衛省　防衛監察本部,ボウエイシヨウ　ボウエイカンサツホンブ,市谷本村町５－１,,東京都新宿区市谷本村町５－１,35.692694,
46489,162886100,13,13104,131040017,162-8861,1,0,東京都,トウキョウト,新宿区,シンジュクク,市谷本村町,イチガヤホンムラチョウ,,,,,,防衛施設庁　内部部局,ボウエイシセツチヨウ　ナイブブキヨク,市谷本村町５－１,,東京都新宿区市谷本村町５－１,35.692694,
46490,162861600,13,13104,131040017,162-8616,1,0,東京都,トウキョウト,新宿区,シンジュクク,市谷本村町,イチガヤホンムラチョウ,,,,,,イカロス出版　株式会社,イカロスシユツパン　カブシキガイシヤ,市谷本村町２－３,,東京都新宿区市谷本村町２－３,35.690668,
46491,162845100,13,13104,131040017,162-8451,1,0,東京都,トウキョウト,新宿区,シンジュクク,市谷本村町,イチガヤホンムラチョウ,,,,,,持田製薬　株式会社　本社別館,モチダセイヤク　カブシキガイシヤ　ホンシヤベツカン,市谷本村町２－１２,,東京都新宿区市谷本村町２－１２,35.690175,
46492,162880100,13,13104,131040017,162-8801,1,0,東京都,トウキョウト,新宿区,シンジュクク,市谷本村町,イチガヤホンムラチョウ,,,,,,防衛省　内部部局,ボウエイシヨウ　ナイブブキヨク,市谷本村町５－１,,東京都新宿区市谷本村町５－１,35.692694,
46493,162885300,13,13104,131040017,162-8853,1,0,東京都,トウキョウト,新宿区,シンジュクク,市谷本村町,イチガヤホンムラチョウ,,,,,,防衛省　共済組合,ボウエイシヨウ　キヨウサイクミアイ,市谷本村町５－１,,東京都新宿区市谷本村町５－１,35.692694,
46494,162880200,13,13104,131040017,162-8802,1,0,東京都,トウキョウト,新宿区,シンジュクク,市谷本村町,イチガヤホンムラチョウ,,,,,,防衛省　陸上幕僚監部,ボウエイシヨウ　リクジヨウバクリヨウカンブ,市谷本村町５－１,,東京都新宿区市谷本村町５－１,35.692694,
46495,162880500,13,13104,131040017,162-8805,1,0,東京都,トウキョウト,新宿区,シンジュクク,市谷本村町,イチガヤホンムラチョウ,,,,,,防衛省　統合幕僚会議,ボウエイシヨウ　トウゴウバクリヨウカイギ,市谷本村町５－１,,東京都新宿区市谷本村町５－１,35.692694,
46496,162880300,13,13104,131040017,162-8803,1,0,東京都,トウキョウト,新宿区,シンジュクク,市谷本村町,イチガヤホンムラチョウ,,,,,,防衛省　海上幕僚監部,ボウエイシヨウ　カイジヨウバクリヨウカンブ,市谷本村町５－１,,東京都新宿区市谷本村町５－１,35.692694,
46501,162848800,13,13104,131040021,162-8488,1,0,東京都,トウキョウト,新宿区,シンジュクク,岩戸町,イワトチョウ,,,,,,職業訓練法人　日本技能教育開発センター,シヨクギヨウクンレンホウジン　ニホンギノウキヨウイクカイハツセンタ－,岩戸町１８日交神楽坂ビル,,東京都新宿区岩戸町１８日交神楽坂ビル,35.701348,
46502,162850300,13,13104,131040021,162-8503,1,0,東京都,トウキョウト,新宿区,シンジュクク,岩戸町,イワトチョウ,,,,,,東京シティ信用金庫　神楽坂支店,トウキヨウシテイシンヨウキンコ　カグラザカシテン,岩戸町２,,東京都新宿区岩戸町２,35.701962,
46504,162862000,13,13104,131040022,162-8620,1,0,東京都,トウキョウト,新宿区,シンジュクク,榎町,エノキチョウ,,,,,,大日本印刷　株式会社　榎町工場,ダイニツポンインサツ　カブシキガイシヤ　エノキチヨウコウジヨウ,榎町７,,東京都新宿区榎町７,35.705853,
46505,162806000,13,13104,131040022,162-8060,1,0,東京都,トウキョウト,新宿区,シンジュクク,榎町,エノキチョウ,,,,,,公益財団法人　日本英語検定協会　英検サービスセンター,コウエキザイダンホウジン　ニホンエイゴケンテイキヨウカイ　エイケンサ－ビスセンタ－,榎町７,,東京都新宿区榎町７,35.705853,
46506,162861500,13,13104,131040022,162-8615,1,0,東京都,トウキョウト,新宿区,シンジュクク,榎町,エノキチョウ,,,,,,株式会社　ムックハウス,カブシキガイシヤ　ムツクハウス,榎町３９神楽坂法菖ビル１０１／２０１号,,東京都新宿区榎町３９神楽坂法菖ビル１０１／２０１号,,
46507,162862800,13,13104,131040022,162-8628,1,0,東京都,トウキョウト,新宿区,シンジュクク,榎町,エノキチョウ,,,,,,株式会社　サイエンス　リサーチアンドコンサルティング,カブシキガイシヤ　サイエンス　リサ－チアンドコンサルテイング,榎町３３ザスクエアー８Ｆ,,東京都新宿区榎町３３ザスクエアー８Ｆ,35.704528,
46509,169852600,13,13104,131040023,169-8526,1,0,東京都,トウキョウト,新宿区,シンジュクク,大久保,オオクボ,,,,,,生活協同組合パルシステム東京,セイカツキヨウドウクミアイパルシステムトウキヨウ,大久保２－２－６ラクアス東新宿ビル７Ｆ,,東京都新宿区大久保２－２－６ラクアス東新宿ビル７Ｆ,35.702307,
46510,169852700,13,13104,131040023,169-8527,1,0,東京都,トウキョウト,新宿区,シンジュクク,大久保,オオクボ,,,,,,パルシステム生活協同組合連合会,パルシステムセイカツキヨウドウクミアイレンゴウカイ,大久保２－２－６ラクアス東新宿ビル６Ｆ,,東京都新宿区大久保２－２－６ラクアス東新宿ビル６Ｆ,35.702307,
46511,169853100,13,13104,131040023,169-8531,1,0,東京都,トウキョウト,新宿区,シンジュクク,大久保,オオクボ,,,,,,株式会社　シジシージャパン,カブシキガイシヤ　シジシ－ジヤパン,大久保２丁目１－１,,東京都新宿区大久保２丁目１－１,35.70102,
46512,169853500,13,13104,131040023,169-8535,1,0,東京都,トウキョウト,新宿区,シンジュクク,大久保,オオクボ,,,,,,日本年金機構　会計部,ニツポンネンキンキコウ　カイケイブ,大久保２－１２－１,,東京都新宿区大久保２－１２－１,35.701231,
46513,169854000,13,13104,131040023,169-8540,1,0,東京都,トウキョウト,新宿区,シンジュクク,大久保,オオクボ,,,,,,日本赤十字社　東京都支部,ニツポンセキジユウジシヤ　トウキヨウトシブ,大久保１丁目２－１５,,東京都新宿区大久保１丁目２－１５,35.699474,
46514,169801200,13,13104,131040023,169-8012,1,0,東京都,トウキョウト,新宿区,シンジュクク,大久保,オオクボ,,,,,,東京社会保険事務局,トウキヨウシヤカイホケンジムキヨク,大久保２丁目１２－１,,東京都新宿区大久保２丁目１２－１,35.701231,
46515,169854100,13,13104,131040023,169-8541,1,0,東京都,トウキョウト,新宿区,シンジュクク,大久保,オオクボ,,,,,,東京税務会計事務所　健康保険組合,トウキヨウゼイムカイケイジムシヨ　ケンコウホケンクミアイ,大久保２丁目１２－１１,,東京都新宿区大久保２丁目１２－１１,35.701897,
46516,169855000,13,13104,131040023,169-8550,1,0,東京都,トウキョウト,新宿区,シンジュクク,大久保,オオクボ,,,,,,株式会社　三徳,カブシキガイシヤ　サントク,大久保２丁目１－１,,東京都新宿区大久保２丁目１－１,35.70102,
46517,169855500,13,13104,131040023,169-8555,1,0,東京都,トウキョウト,新宿区,シンジュクク,大久保,オオクボ,,,,,,早稲田大学　理工学部,ワセダダイガク　リコウガクブ,大久保３丁目４－１,,東京都新宿区大久保３丁目４－１,35.705887,
46518,169855600,13,13104,131040023,169-8556,1,0,東京都,トウキョウト,新宿区,シンジュクク,大久保,オオクボ,,,,,,東京都　電設工業厚生年金基金,トウキヨウト　デンセツコウギヨウコウセイネンキンキキン,大久保２丁目８－３,,東京都新宿区大久保２丁目８－３,35.702237,
46519,169855800,13,13104,131040023,169-8558,1,0,東京都,トウキョウト,新宿区,シンジュクク,大久保,オオクボ,,,,,,株式会社　河田,カブシキガイシヤ　カワダ,大久保２丁目５－２５,,東京都新宿区大久保２丁目５－２５,35.702226,
46520,169860100,13,13104,131040023,169-8601,1,0,東京都,トウキョウト,新宿区,シンジュクク,大久保,オオクボ,,,,,,新宿社会保険事務所,シンジユクシヤカイホケンジムシヨ,大久保２丁目１２－１ペアーレ新宿４階・５階,,東京都新宿区大久保２丁目１２－１ペアーレ新宿４階・５階,,
46523,162895300,13,13104,131040025,162-8953,1,0,東京都,トウキョウト,新宿区,シンジュクク,神楽河岸,カグラガシ,,,,,,社会福祉法人　東京都社会福祉協議会,シヤカイフクシホウジン　トウキヨウトシヤカイフクシキヨウギカイ,神楽河岸１－１,,東京都新宿区神楽河岸１－１,35.701588,
46525,162871600,13,13104,131040026,162-8716,1,0,東京都,トウキョウト,新宿区,シンジュクク,神楽坂,カグラザカ,,,,,,株式会社　音楽之友社,カブシキガイシヤ　オンガクノトモシヤ,神楽坂６丁目３０,,東京都新宿区神楽坂６丁目３０,35.703703,
46526,162860100,13,13104,131040026,162-8601,1,0,東京都,トウキョウト,新宿区,シンジュクク,神楽坂,カグラザカ,,,,,,学校法人　東京理科大学,ガツコウホウジン　トウキヨウリカダイガク,神楽坂１丁目３,,東京都新宿区神楽坂１丁目３,35.699452,
46530,160848500,13,13104,131040029,160-8485,1,0,東京都,トウキョウト,新宿区,シンジュクク,歌舞伎町,カブキチョウ,,,,,,新宿区役所　総務部　税務課,シンジユククヤクシヨ　ソウムブ　ゼイムカ,歌舞伎町１丁目４－１,,東京都新宿区歌舞伎町１丁目４－１,35.693893,
46531,160846600,13,13104,131040029,160-8466,1,0,東京都,トウキョウト,新宿区,シンジュクク,歌舞伎町,カブキチョウ,,,,,,ホテルグレイスリー新宿,ホテルグレイスリ－シンジユク,歌舞伎町１丁目１９番１号,,東京都新宿区歌舞伎町１丁目１９番１号,35.695293,
46532,160848800,13,13104,131040029,160-8488,1,0,東京都,トウキョウト,新宿区,シンジュクク,歌舞伎町,カブキチョウ,,,,,,財団法人　東京都保険医療公社　大久保病院,ザイダンホウジン　トウキヨウトホケンイリヨウコウシヤ　オオクボビヨウイン,歌舞伎町２丁目４４－１,,東京都新宿区歌舞伎町２丁目４４－１,35.696697,
46533,160848400,13,13104,131040029,160-8484,1,0,東京都,トウキョウト,新宿区,シンジュクク,歌舞伎町,カブキチョウ,,,,,,新宿区役所,シンジユククヤクシヨ,歌舞伎町１丁目４－１,,東京都新宿区歌舞伎町１丁目４－１,35.693893,
46534,160847200,13,13104,131040029,160-8472,1,0,東京都,トウキョウト,新宿区,シンジュクク,歌舞伎町,カブキチョウ,,,,,,新宿区役所　地域調整課　文化国際課,シンジユククヤクシヨ　チイキチヨウセイカ　ブンカコクサイカ,歌舞伎町１丁目４－１,,東京都新宿区歌舞伎町１丁目４－１,35.693893,
46535,160848700,13,13104,131040029,160-8487,1,0,東京都,トウキョウト,新宿区,シンジュクク,歌舞伎町,カブキチョウ,,,,,,新宿プリンスホテル,シンジユクプリンスホテル,歌舞伎町１丁目３０－１,,東京都新宿区歌舞伎町１丁目３０－１,35.694361,
46536,160848900,13,13104,131040029,160-8489,1,0,東京都,トウキョウト,新宿区,シンジュクク,歌舞伎町,カブキチョウ,,,,,,新宿公共職業安定所,シンジユクコウキヨウシヨクギヨウアンテイジヨ,歌舞伎町２丁目４２－１０,,東京都新宿区歌舞伎町２丁目４２－１０,35.697867,
46538,161850800,13,13104,131040030,161-8508,1,0,東京都,トウキョウト,新宿区,シンジュクク,上落合,カミオチアイ,,,,,,株式会社　オーバル,カブシキガイシヤ　オ－バル,上落合３丁目１０－８,,東京都新宿区上落合３丁目１０－８,35.710307,
46539,161851100,13,13104,131040030,161-8511,1,0,東京都,トウキョウト,新宿区,シンジュクク,上落合,カミオチアイ,,,,,,下田商事　株式会社,シモダシヨウジ　カブシキカイシヤ,上落合２丁目２６－５,,東京都新宿区上落合２丁目２６－５,35.710807,
46541,162866600,13,13104,131040031,162-8666,1,0,東京都,トウキョウト,新宿区,シンジュクク,河田町,カワダチョウ,,,,,,学校法人　東京女子医科大学,ガツコウホウジン　トウキヨウジヨシイカダイガク,河田町８－１,,東京都新宿区河田町８－１,35.69702,
46544,169888500,13,13104,131040033,169-8885,1,0,東京都,トウキョウト,新宿区,シンジュクク,北新宿,キタシンジュク,,,,,,アキレス　株式会社,アキレス　カブシキガイシヤ,北新宿２丁目２１番１号新宿フロントタワー,,東京都新宿区北新宿２丁目２１番１号新宿フロントタワー,35.696088,
46545,169856100,13,13104,131040033,169-8561,1,0,東京都,トウキョウト,新宿区,シンジュクク,北新宿,キタシンジュク,,,,,,新宿税務署,シンジユクゼイムシヨ,北新宿１丁目１９－３,,東京都新宿区北新宿１丁目１９－３,35.698165,
46546,169822800,13,13104,131040033,169-8228,1,0,東京都,トウキョウト,新宿区,シンジュクク,北新宿,キタシンジュク,,,,,,株式会社　ライトアップショッピングクラブ,カブシキガイシヤ　ライトアツプシヨツピングクラブ,北新宿２－２１－１,,東京都新宿区北新宿２－２１－１,35.696092,
46549,162850500,13,13104,131040035,162-8505,1,0,東京都,トウキョウト,新宿区,シンジュクク,北山伏町,キタヤマブシチョウ,,,,,,株式会社　日本スタデオ,カブシキガイシヤ　ニツポンスタデオ,北山伏町１－１１,,東京都新宿区北山伏町１－１１,35.699569,
46552,160850100,13,13104,131040038,160-8501,1,0,東京都,トウキョウト,新宿区,シンジュクク,左門町,サモンチョウ,,,,,,株式会社　サンミュージックプロダクション,カブシキガイシヤ　サンミユ－ジツクプロダクシヨン,左門町４四谷アネックス,,東京都新宿区左門町４四谷アネックス,35.687244,
46554,160868000,13,13104,131040040,160-8680,1,0,東京都,トウキョウト,新宿区,シンジュクク,信濃町,シナノマチ,,,,,,あんしん財団　「楽しいイベント」係,アンシンザイダン　＜タノシイイベント＞ガカリ,信濃町３４ＪＲ信濃町ビル５Ｆ,,東京都新宿区信濃町３４ＪＲ信濃町ビル５Ｆ,35.680088,
46555,160858900,13,13104,131040040,160-8589,1,0,東京都,トウキョウト,新宿区,シンジュクク,信濃町,シナノマチ,,,,,,東鉄工業　株式会社,トウテツコウギヨウ　（カ,信濃町３４ＪＲ信濃町ビル,,東京都新宿区信濃町３４ＪＲ信濃町ビル,35.680088,
46556,160858800,13,13104,131040040,160-8588,1,0,東京都,トウキョウト,新宿区,シンジュクク,信濃町,シナノマチ,,,,,,（財）　民主音楽協会,ザイダンホウジン　ミンシユオンガクキヨウカイ,信濃町８,,東京都新宿区信濃町８,35.68272,
46557,160858300,13,13104,131040040,160-8583,1,0,東京都,トウキョウト,新宿区,シンジュクク,信濃町,シナノマチ,,,,,,創価学会,ソウカガツカイ,信濃町３２,,東京都新宿区信濃町３２,35.681307,
46558,160858200,13,13104,131040040,160-8582,1,0,東京都,トウキョウト,新宿区,シンジュクク,信濃町,シナノマチ,,,,,,慶應義塾大学　医学部,ケイオウギジユクダイガク　イガクブ,信濃町３５,,東京都新宿区信濃町３５,35.681433,
46559,160807000,13,13104,131040040,160-8070,1,0,東京都,トウキョウト,新宿区,シンジュクク,信濃町,シナノマチ,,,,,,聖教新聞社,セイキヨウシンブンシヤ,信濃町１８,,東京都新宿区信濃町１８,35.683487,
46560,160853500,13,13104,131040040,160-8535,1,0,東京都,トウキョウト,新宿区,シンジュクク,信濃町,シナノマチ,,,,,,あんしん財団　災害防止部,アンシンザイダン　サイガイボウシブ,信濃町３４番ＪＲ信濃町ビル５階,,東京都新宿区信濃町３４番ＪＲ信濃町ビル５階,35.680088,
46562,161855300,13,13104,131040041,161-8553,1,0,東京都,トウキョウト,新宿区,シンジュクク,下落合,シモオチアイ,,,,,,株式会社　日本コンサルタントグループ,カブシキガイシヤ　ニホンコンサルタントグル－プ,下落合３丁目２２－１５,,東京都新宿区下落合３丁目２２－１５,35.722596,
46563,161854000,13,13104,131040041,161-8540,1,0,東京都,トウキョウト,新宿区,シンジュクク,下落合,シモオチアイ,,,,,,エステー　株式会社,エステ－　カブシキガイシヤ,下落合１丁目４－１０,,東京都新宿区下落合１丁目４－１０,35.715266,
46564,161855800,13,13104,131040041,161-8558,1,0,東京都,トウキョウト,新宿区,シンジュクク,下落合,シモオチアイ,,,,,,一世印刷　株式会社,イツセイインサツ　カブシキガイシヤ,下落合２丁目６－２２,,東京都新宿区下落合２丁目６－２２,35.716658,
46565,161855600,13,13104,131040041,161-8556,1,0,東京都,トウキョウト,新宿区,シンジュクク,下落合,シモオチアイ,,,,,,学校法人　東京富士大学,ガツコウホウジン　トウキヨウフジダイガク,下落合１丁目７－７,,東京都新宿区下落合１丁目７－７,35.715416,
46566,161855200,13,13104,131040041,161-8552,1,0,東京都,トウキョウト,新宿区,シンジュクク,下落合,シモオチアイ,,,,,,株式会社　誠和,カブシキガイシヤ　セイワ,下落合１丁目１－１,,東京都新宿区下落合１丁目１－１,35.715062,
46567,161854600,13,13104,131040041,161-8546,1,0,東京都,トウキョウト,新宿区,シンジュクク,下落合,シモオチアイ,,,,,,アニコム損害保険　株式会社,アニコムソンガイホケン　カブシキガイシヤ,下落合１丁目５－２２アリミノビル２Ｆ,,東京都新宿区下落合１丁目５－２２アリミノビル２Ｆ,35.716026,
46568,161855700,13,13104,131040041,161-8557,1,0,東京都,トウキョウト,新宿区,シンジュクク,下落合,シモオチアイ,,,,,,学校法人　田中芸術学園　東京美容専門学校,ガツコウホウジン　タナカゲイジユツガクエン　トウキヨウセンモンガツコウ,下落合１丁目２－４,,東京都新宿区下落合１丁目２－４,35.715693,
46569,161854500,13,13104,131040041,161-8545,1,0,東京都,トウキョウト,新宿区,シンジュクク,下落合,シモオチアイ,,,,,,工新建設　株式会社,コウシンケンセツ　カブシキガイシヤ,下落合２丁目３－１８,,東京都新宿区下落合２丁目３－１８,35.71653,
46570,161854100,13,13104,131040041,161-8541,1,0,東京都,トウキョウト,新宿区,シンジュクク,下落合,シモオチアイ,,,,,,三宝製薬　株式会社,サンポ－セイヤク　カブシキカイシヤ,下落合２丁目３－１８,,東京都新宿区下落合２丁目３－１８,35.71653,
46572,162855800,13,13104,131040042,162-8558,1,0,東京都,トウキョウト,新宿区,シンジュクク,下宮比町,シモミヤビチョウ,,,,,,株式会社　アスク,カブシキガイシヤ　アスク,下宮比町２－６,,東京都新宿区下宮比町２－６,35.703139,
46573,162870100,13,13104,131040042,162-8701,1,0,東京都,トウキョウト,新宿区,シンジュクク,下宮比町,シモミヤビチョウ,,,,,,株式会社　ディスコ　神楽坂ＨＣスタジオ,カブシキガイシヤ　デイスコ　カグラザカエイチシ－スタジオ,下宮比町２－１２神楽坂ＨＣスタジオ,,東京都新宿区下宮比町２－１２神楽坂ＨＣスタジオ,35.703596,
46576,162853500,13,13104,131040044,162-8535,1,0,東京都,トウキョウト,新宿区,シンジュクク,新小川町,シンオガワマチ,,,,,,株式会社　アプラス,カブシキガイシヤ　アプラス,新小川町４－１アプラス東京ビル,,東京都新宿区新小川町４－１アプラス東京ビル,35.705271,
46577,162870700,13,13104,131040044,162-8707,1,0,東京都,トウキョウト,新宿区,シンジュクク,新小川町,シンオガワマチ,,,,,,株式会社　朝倉書店,カブシキガイシヤ　アサクラシヨテン,新小川町６－２９,,東京都新宿区新小川町６－２９,35.707564,
46578,162844500,13,13104,131040044,162-8445,1,0,東京都,トウキョウト,新宿区,シンジュクク,新小川町,シンオガワマチ,,,,,,成美堂出版　（株）,セイビドウシユツパン　（カブ）,新小川町１－７,,東京都新宿区新小川町１－７,35.704359,
46579,101865600,13,13104,131040044,101-8656,1,0,東京都,トウキョウト,新宿区,シンジュクク,新小川町,シンオガワマチ,,,,,,小学館プロダクション,シヨウガクカンプロダクシヨン,新小川町４－１１昭和図書ビル,,東京都新宿区新小川町４－１１昭和図書ビル,,
46581,160840100,13,13104,131040045,160-8401,1,0,東京都,トウキョウト,新宿区,シンジュクク,新宿,シンジュク,,,,,,大和証券　株式会社　新宿支店,ダイワシヨウケン　カブシキガイシヤ　シンジユクシテン,新宿３丁目３０－１１,,東京都新宿区新宿３丁目３０－１１,35.69115,
46582,160846300,13,13104,131040045,160-8463,1,0,東京都,トウキョウト,新宿区,シンジュクク,新宿,シンジュク,,,,,,株式会社　サンズ,カブシキガイシヤ　サンズ,新宿６－２７－３０新宿イーストサイドスクエア７Ｆ,,東京都新宿区新宿６－２７－３０新宿イーストサイドスクエア７Ｆ,35.696756,
46583,160846100,13,13104,131040045,160-8461,1,0,東京都,トウキョウト,新宿区,シンジュクク,新宿,シンジュク,,,,,,株式会社　三栄,カブシキガイシヤ　サンエイ,新宿６－２７－３０新宿イーストサイドスクエア７Ｆ,,東京都新宿区新宿６－２７－３０新宿イーストサイドスクエア７Ｆ,35.696756,
46584,160841000,13,13104,131040045,160-8410,1,0,東京都,トウキョウト,新宿区,シンジュクク,新宿,シンジュク,,,,,,日本ハウズイング　株式会社,ニホンハウズイング　カブシキガイシヤ,新宿１丁目３１番１２号,,東京都新宿区新宿１丁目３１番１２号,35.690292,
46585,160840800,13,13104,131040045,160-8408,1,0,東京都,トウキョウト,新宿区,シンジュクク,新宿,シンジュク,,,,,,株式会社　エムアイカード,カブシキガイシヤ　エムアイカ－ド,新宿５丁目１７番１８号Ｈ＆Ｉビル,,東京都新宿区新宿５丁目１７番１８号Ｈ＆Ｉビル,35.693273,
46586,160840700,13,13104,131040045,160-8407,1,0,東京都,トウキョウト,新宿区,シンジュクク,新宿,シンジュク,,,,,,財団法人　東京社会保険協会,ザイダンホウジン　トウキヨウシヤカイホケンキヨウカイ,新宿７丁目２６－９フィオーレ東京,,東京都新宿区新宿７丁目２６－９フィオーレ東京,35.698024,
46587,160844700,13,13104,131040045,160-8447,1,0,東京都,トウキョウト,新宿区,シンジュクク,新宿,シンジュク,,,,,,株式会社　タイトー,カブシキガイシヤ　タイト－,新宿６丁目２７番３０号新宿イーストサイドスクエア２階,,東京都新宿区新宿６丁目２７番３０号新宿イーストサイドスクエア２階,35.696756,
46588,160844400,13,13104,131040045,160-8444,1,0,東京都,トウキョウト,新宿区,シンジュクク,新宿,シンジュク,,,,,,あいおい損害保険　株式会社,アイオイソンガイホケン　カブシキガイシヤ,新宿１丁目２－７あいおい損保・新宿東共同ビル,,東京都新宿区新宿１丁目２－７あいおい損保・新宿東共同ビル,35.687994,
46589,160842200,13,13104,131040045,160-8422,1,0,東京都,トウキョウト,新宿区,シンジュクク,新宿,シンジュク,,,,,,キーウェアソリューションズ　株式会社,キ－ウエアソリユ－シヨンズ　カブシキガイシヤ,新宿３丁目１番１３号,,東京都新宿区新宿３丁目１番１３号,35.6901,
46590,160843300,13,13104,131040045,160-8433,1,0,東京都,トウキョウト,新宿区,シンジュクク,新宿,シンジュク,,,,,,株式会社　佐藤秀,カブシキガイシヤ　サトウヒデ,新宿５丁目６－１１,,東京都新宿区新宿５丁目６－１１,35.692306,
46591,160843000,13,13104,131040045,160-8430,1,0,東京都,トウキョウト,新宿区,シンジュクク,新宿,シンジュク,,,,,,株式会社　スクウェア・エニックス,カブシキガイシヤ　スクウエア・エニツクス,新宿６丁目２７番３０号新宿イーストサイドスクエア,,東京都新宿区新宿６丁目２７番３０号新宿イーストサイドスクエア,35.696756,
46592,160842900,13,13104,131040045,160-8429,1,0,東京都,トウキョウト,新宿区,シンジュクク,新宿,シンジュク,,,,,,株式会社　アデランス,カブシキガイシヤ　アデランス,新宿１丁目６－３,,東京都新宿区新宿１丁目６－３,35.688218,
46593,160840200,13,13104,131040045,160-8402,1,0,東京都,トウキョウト,新宿区,シンジュクク,新宿,シンジュク,,,,,,学校法人　東京医科大学,ガツコウホウジン　トウキヨウイカダイガク,新宿６丁目１－１,,東京都新宿区新宿６丁目１－１,35.69372,
46594,160842300,13,13104,131040045,160-8423,1,0,東京都,トウキョウト,新宿区,シンジュクク,新宿,シンジュク,,,,,,オートビジネスサービス　株式会社,オ－トビジネスサ－ビス　カブシキガイシヤ,新宿２－１９－１ビッグス新宿ビル８階,,東京都新宿区新宿２－１９－１ビッグス新宿ビル８階,35.691293,
46595,160835100,13,13104,131040045,160-8351,1,0,東京都,トウキョウト,新宿区,シンジュクク,新宿,シンジュク,,,,,,野村不動産パートナーズ　株式会社,ノムラフドウサンパ－トナ－ズ　カブシキガイシヤ,新宿５－１４－６長府新宿ビル,,東京都新宿区新宿５－１４－６長府新宿ビル,35.694705,
46596,160841500,13,13104,131040045,160-8415,1,0,東京都,トウキョウト,新宿区,シンジュクク,新宿,シンジュク,,,,,,ネッツトヨタ東京　株式会社,ネツツトヨタ　カブシキガイシヤ,新宿７丁目２７－１９,,東京都新宿区新宿７丁目２７－１９,35.699853,
46597,160801100,13,13104,131040045,160-8011,1,0,東京都,トウキョウト,新宿区,シンジュクク,新宿,シンジュク,,,,,,株式会社　三越伊勢丹　伊勢丹新宿店,カブシキガイシヤ　ミツコシイセタン　イセタンシンジユクテン,新宿３－１４－１,,東京都新宿区新宿３－１４－１,35.691574,
46598,160842000,13,13104,131040045,160-8420,1,0,東京都,トウキョウト,新宿区,シンジュクク,新宿,シンジュク,,,,,,株式会社　マースエンジニアリング,カブシキガイシヤ　マ－スエンジニアリング,新宿１丁目１０－７,,東京都新宿区新宿１丁目１０－７,35.688326,
46599,160844100,13,13104,131040045,160-8441,1,0,東京都,トウキョウト,新宿区,シンジュクク,新宿,シンジュク,,,,,,廣告社　株式会社,コウコクシヤ　カブシキガイシヤ,新宿３丁目１番２４号京王新宿三丁目ビル,,東京都新宿区新宿３丁目１番２４号京王新宿三丁目ビル,35.6902,
46600,160880102,13,13104,131040045,160-8801,1,0,東京都,トウキョウト,新宿区,シンジュクク,新宿,シンジュク,,,,,,セイコーエプソン　株式会社,セイコ－エプソン　カブシキカイシヤ,新宿４丁目１番６号ＪＲ新宿ミライナタワー２９階,,東京都新宿区新宿４丁目１番６号ＪＲ新宿ミライナタワー２９階,35.688737,
46601,163863900,13,13104,131040045,163-8639,1,0,東京都,トウキョウト,新宿区,シンジュクク,新宿,シンジュク,,,,,,大正薬化工業,タイセイヤツカコウギヨウ,新宿３丁目１０－８,,東京都新宿区新宿３丁目１０－８,35.691388,
46602,163866100,13,13104,131040045,163-8661,1,0,東京都,トウキョウト,新宿区,シンジュクク,新宿,シンジュク,,,,,,株式会社　実務教育出版,カブシキガイシヤ　ジツムキヨウイクシユツパン,新宿１丁目１－１２,,東京都新宿区新宿１丁目１－１２,35.687769,
46603,163867100,13,13104,131040045,163-8671,1,0,東京都,トウキョウト,新宿区,シンジュクク,新宿,シンジュク,,,,,,株式会社　実務教育出版,カブシキガイシヤ　ジツムキヨウイクシユツパン,新宿１丁目１－１２,,東京都新宿区新宿１丁目１－１２,35.687769,
46604,160881200,13,13104,131040045,160-8812,1,0,東京都,トウキョウト,新宿区,シンジュクク,新宿,シンジュク,,,,,,シティグループ・サービス・ジャパン　株式会社,シテイグル－プ・サ－ビス・ジヤパン　カブシキガイシヤ,新宿６－２７－３０新宿イーストサイドスクエア,,東京都新宿区新宿６－２７－３０新宿イーストサイドスクエア,35.696756,
46605,160880101,13,13104,131040045,160-8801,1,0,東京都,トウキョウト,新宿区,シンジュクク,新宿,シンジュク,,,,,,オリエント時計　株式会社,オリエントトケイ　カブシキカイシヤ,新宿４丁目１番６号ＪＲ新宿ミライナタワー２９階,,東京都新宿区新宿４丁目１番６号ＪＲ新宿ミライナタワー２９階,35.688737,
46606,160880100,13,13104,131040045,160-8801,1,0,東京都,トウキョウト,新宿区,シンジュクク,新宿,シンジュク,,,,,,エプソン販売　株式会社,エプソンハンバイ　カブシキカイシヤ,新宿４丁目１番６号ＪＲ新宿ミライナタワー２９階,,東京都新宿区新宿４丁目１番６号ＪＲ新宿ミライナタワー２９階,35.688737,
46607,160841100,13,13104,131040045,160-8411,1,0,東京都,トウキョウト,新宿区,シンジュクク,新宿,シンジュク,,,,,,日神不動産　株式会社,ニツシンフドウサン　カブシキガイシヤ,新宿５丁目８－１,,東京都新宿区新宿５丁目８－１,35.691984,
46608,160834100,13,13104,131040045,160-8341,1,0,東京都,トウキョウト,新宿区,シンジュクク,新宿,シンジュク,,,,,,株式会社　ＤｅＮＡトラベル,カブシキガイシヤ　デイ－エヌエ－トラベル,新宿５－１５－５新宿三光町ビル,,東京都新宿区新宿５－１５－５新宿三光町ビル,35.693805,
46609,160854700,13,13104,131040045,160-8547,1,0,東京都,トウキョウト,新宿区,シンジュクク,新宿,シンジュク,,,,,,株式会社　三栄,カブシキガイシヤ　サンエイ,新宿６－２７－３０新宿イーストサイドスクエア７Ｆ,,東京都新宿区新宿６－２７－３０新宿イーストサイドスクエア７Ｆ,35.696756,
46610,160852400,13,13104,131040045,160-8524,1,0,東京都,トウキョウト,新宿区,シンジュクク,新宿,シンジュク,,,,,,日清食品　株式会社　東京本社,ニツシンシヨクヒン　カブシキガイシヤ　トウキヨウホンシヤ,新宿６丁目２８－１,,東京都新宿区新宿６丁目２８－１,35.695215,
46611,160848600,13,13104,131040045,160-8486,1,0,東京都,トウキョウト,新宿区,シンジュクク,新宿,シンジュク,,,,,,株式会社　ヨドバシカメラ,カブシキガイシヤ　ヨドバシカメラ,新宿５－３－１,,東京都新宿区新宿５－３－１,35.692062,
46612,160891000,13,13104,131040045,160-8910,1,0,東京都,トウキョウト,新宿区,シンジュクク,新宿,シンジュク,,,,,,伯東　株式会社,ハクトウ　カブシキガイシヤ,新宿１丁目１－１３,,東京都新宿区新宿１丁目１－１３,35.687739,
46614,162853000,13,13104,131040046,162-8530,1,0,東京都,トウキョウト,新宿区,シンジュクク,水道町,スイドウチョウ,,,,,,三晃印刷　株式会社,サンコウインサツ　カブシキガイシヤ,水道町４－１３,,東京都新宿区水道町４－１３,35.708395,
46615,162857500,13,13104,131040046,162-8575,1,0,東京都,トウキョウト,新宿区,シンジュクク,水道町,スイドウチョウ,,,,,,協立機電工業　株式会社,キヨウリツキデンコウギヨウ　カブシキガイシヤ,水道町３－９,,東京都新宿区水道町３－９,35.708096,
46619,160856500,13,13104,131040049,160-8565,1,0,東京都,トウキョウト,新宿区,シンジュクク,大京町,ダイキョウチョウ,,,,,,株式会社　ポプラ社,カブシキガイシヤ　ポプラシヤ,大京町２２－１,,東京都新宿区大京町２２－１,35.686993,
46620,163866000,13,13104,131040049,163-8660,1,0,東京都,トウキョウト,新宿区,シンジュクク,大京町,ダイキョウチョウ,,,,,,財団法人　実務教育研究所,ザイダンホウジン　ジツムキヨウイクケンキユウジヨ,大京町４,,東京都新宿区大京町４,35.685875,
46622,169856800,13,13104,131040050,169-8568,1,0,東京都,トウキョウト,新宿区,シンジュクク,高田馬場,タカダノババ,,,,,,財団法人　実務技能検定協会,ザイダンホウジン　ジツムギノウケンテイキヨウカイ,高田馬場１丁目４－１５,,東京都新宿区高田馬場１丁目４－１５,35.711405,
46623,169864400,13,13104,131040050,169-8644,1,0,東京都,トウキョウト,新宿区,シンジュクク,高田馬場,タカダノババ,,,,,,三葉化工　株式会社,サンヨウカコウ　カブシキガイシヤ,高田馬場４丁目３０－２１,,東京都新宿区高田馬場４丁目３０－２１,35.709726,
46624,169864800,13,13104,131040050,169-8648,1,0,東京都,トウキョウト,新宿区,シンジュクク,高田馬場,タカダノババ,,,,,,東亜ディーケーケー　株式会社,トウアデイ－ケ－ケ－　カブシキガイシヤ,高田馬場１丁目２９－１０,,東京都新宿区高田馬場１丁目２９－１０,35.711312,
46625,169858600,13,13104,131040050,169-8586,1,0,東京都,トウキョウト,新宿区,シンジュクク,高田馬場,タカダノババ,,,,,,社会福祉法人　日本点字図書館,シヤカイフクシホウジン　ニホンテンジトシヨカン,高田馬場１丁目２３－４,,東京都新宿区高田馬場１丁目２３－４,35.710908,
46626,169865000,13,13104,131040050,169-8650,1,0,東京都,トウキョウト,新宿区,シンジュクク,高田馬場,タカダノババ,,,,,,全国建設労働組合総連合,ゼンコクケンセツロウドウクミアイソウレンゴウ,高田馬場２丁目７－１５全建総連会館,,東京都新宿区高田馬場２丁目７－１５全建総連会館,35.713259,
46627,169865500,13,13104,131040050,169-8655,1,0,東京都,トウキョウト,新宿区,シンジュクク,高田馬場,タカダノババ,,,,,,株式会社　マツダアンフィニ東京,カブシキガイシヤ　マツダアンフイニトウキヨウ,高田馬場１丁目２－１２,,東京都新宿区高田馬場１丁目２－１２,35.709911,
46628,169866800,13,13104,131040050,169-8668,1,0,東京都,トウキョウト,新宿区,シンジュクク,高田馬場,タカダノババ,,,,,,花田歯科医院,ハナダシカイイン,高田馬場２丁目８－４ＡＵビル３Ｆ,,東京都新宿区高田馬場２丁目８－４ＡＵビル３Ｆ,35.711977,
46629,169801100,13,13104,131040050,169-8011,1,0,東京都,トウキョウト,新宿区,シンジュクク,高田馬場,タカダノババ,,,,,,日本通信教育連盟,ニホンツウシンキヨウイクレンメイ,高田馬場４丁目２－３８,,東京都新宿区高田馬場４丁目２－３８,35.710801,
46630,169867700,13,13104,131040050,169-8677,1,0,東京都,トウキョウト,新宿区,シンジュクク,高田馬場,タカダノババ,,,,,,ビッグボックス西武スポーツプラザ,ビツグボツクスセイブスポ－ツプラザ,高田馬場１丁目３５－３,,東京都新宿区高田馬場１丁目３５－３,35.712595,
46631,169858000,13,13104,131040050,169-8580,1,0,東京都,トウキョウト,新宿区,シンジュクク,高田馬場,タカダノババ,,,,,,マルコメ　（株）　東京支店,マルコメ　カブシキガイシヤ　トウキヨウシテン,高田馬場１丁目３４－７,,東京都新宿区高田馬場１丁目３４－７,35.712028,
46632,169857800,13,13104,131040050,169-8578,1,0,東京都,トウキョウト,新宿区,シンジュクク,高田馬場,タカダノババ,,,,,,株式会社　ガイドワークス,カブシキガイシヤ　ガイドワ－クス,高田馬場４－２８－１２,,東京都新宿区高田馬場４－２８－１２,35.711206,
46633,169857700,13,13104,131040050,169-8577,1,0,東京都,トウキョウト,新宿区,シンジュクク,高田馬場,タカダノババ,,,,,,（株）　白夜書房,カブシキガイシヤ　ビヤクヤシヨボウ,高田馬場４丁目２８－１２,,東京都新宿区高田馬場４丁目２８－１２,35.711206,
46634,169863900,13,13104,131040050,169-8639,1,0,東京都,トウキョウト,新宿区,シンジュクク,高田馬場,タカダノババ,,,,,,株式会社　サンマーク,カブシキガイシヤ　サンマ－ク,高田馬場１丁目３２－１３,,東京都新宿区高田馬場１丁目３２－１３,35.710747,
46635,169857000,13,13104,131040050,169-8570,1,0,東京都,トウキョウト,新宿区,シンジュクク,高田馬場,タカダノババ,,,,,,日拓エンタープライズ　（株）,ニツタクエンタ－プライズ　カブシキガイシヤ,高田馬場２丁目１４－１１,,東京都新宿区高田馬場２丁目１４－１１,35.713183,
46636,169891500,13,13104,131040050,169-8915,1,0,東京都,トウキョウト,新宿区,シンジュクク,高田馬場,タカダノババ,,,,,,日本文化出版　（株）,ニホンブンカシユツパン　カブシキガイシヤ,高田馬場４丁目３０－２０,,東京都新宿区高田馬場４丁目３０－２０,35.709782,
46637,169871100,13,13104,131040050,169-8711,1,0,東京都,トウキョウト,新宿区,シンジュクク,高田馬場,タカダノババ,,,,,,株式会社　日本文化センター,カブシキガイシヤ　ニホンブンカセンタ－,高田馬場１丁目４番１５号大樹生命高田馬場ビル,,東京都新宿区高田馬場１丁目４番１５号大樹生命高田馬場ビル,35.71142,
46638,169872200,13,13104,131040050,169-8722,1,0,東京都,トウキョウト,新宿区,シンジュクク,高田馬場,タカダノババ,,,,,,株式会社　プランネル,カブシキガイシヤ　プランネル,高田馬場１丁目４番１５号大樹生命高田馬場ビル,,東京都新宿区高田馬場１丁目４番１５号大樹生命高田馬場ビル,35.71142,
46639,169851800,13,13104,131040050,169-8518,1,0,東京都,トウキョウト,新宿区,シンジュクク,高田馬場,タカダノババ,,,,,,学校法人　日本教育研究団　社会情報大学院大学,ガツコウホウジン　ニホンキヨウイクケンキユウダン　シヤカイジヨウホウダイガクインダイガク,高田馬場１－２５－３０,,東京都新宿区高田馬場１－２５－３０,35.712306,
46641,162850200,13,13104,131040051,162-8502,1,0,東京都,トウキョウト,新宿区,シンジュクク,箪笥町,タンスマチ,,,,,,株式会社　山文,カブシキガイシヤ　ヤマブン,箪笥町３８,,東京都新宿区箪笥町３８,35.700204,
46644,162855100,13,13104,131040053,162-8551,1,0,東京都,トウキョウト,新宿区,シンジュクク,津久戸町,ツクドチョウ,,,,,,有限責任　あずさ監査法人,ユウゲンセキニン　アズサカンサホウジン,津久戸町１番２号,,東京都新宿区津久戸町１番２号,35.702397,
46645,162854300,13,13104,131040053,162-8543,1,0,東京都,トウキョウト,新宿区,シンジュクク,津久戸町,ツクドチョウ,,,,,,東京厚生年金病院,トウキヨウコウセイネンキンビヨウイン,津久戸町５－１,,東京都新宿区津久戸町５－１,35.703433,
46646,162855700,13,13104,131040053,162-8557,1,0,東京都,トウキョウト,新宿区,シンジュクク,津久戸町,ツクドチョウ,,,,,,株式会社　熊谷組,カブシキガイシヤ　クマガイグミ,津久戸町２－１,,東京都新宿区津久戸町２－１,35.703005,
46649,162863800,13,13104,131040055,162-8638,1,0,東京都,トウキョウト,新宿区,シンジュクク,天神町,テンジンチョウ,,,,,,東洋ゴム化工品　株式会社　ダイバーテックカンパニー環境工事システム販売部,トウヨウゴムカコウヒン　カブシキガイシヤ　ダイバ－テツクカンパニ－カンキヨウコウジシステムハンバイブ,天神町１０番地安村ビル,,東京都新宿区天神町１０番地安村ビル,35.704574,
46650,162861400,13,13104,131040055,162-8614,1,0,東京都,トウキョウト,新宿区,シンジュクク,天神町,テンジンチョウ,,,,,,株式会社　大洋図書,カブシキガイシヤ　タイヨウトシヨ,天神町６６－１４－２,,東京都新宿区天神町６６－１４－２,35.705482,
46652,169861300,13,13104,131040056,169-8613,1,0,東京都,トウキョウト,新宿区,シンジュクク,戸塚町,トツカマチ,,,,,,（株）　リーガロイヤルホテル早稲田,カブシキガイシヤ　リイガロイヤルホテルワセダ,戸塚町１丁目１０４－１９,,東京都新宿区戸塚町１丁目１０４－１９,35.71037,
46654,162802000,13,13104,131040057,162-8020,1,0,東京都,トウキョウト,新宿区,シンジュクク,富久町,トミヒサチョウ,,,,,,わらべや日洋　株式会社,ワラベヤニチヨウ　カブシキガイシヤ,富久町１３番１９号,,東京都新宿区富久町１３番１９号,35.691997,
46655,162802100,13,13104,131040057,162-8021,1,0,東京都,トウキョウト,新宿区,シンジュクク,富久町,トミヒサチョウ,,,,,,株式会社　日洋,カブシキガイシヤ　ニチヨウ,富久町１３番１９号,,東京都新宿区富久町１３番１９号,35.691997,
46656,162802001,13,13104,131040057,162-8020,1,0,東京都,トウキョウト,新宿区,シンジュクク,富久町,トミヒサチョウ,,,,,,わらべや日洋ホールディングス　株式会社,ワラベヤニチヨウホ－ルデイングス　カブシキガイシヤ,富久町１３番１９号,,東京都新宿区富久町１３番１９号,35.691997,
46659,162865600,13,13104,131040058,162-8656,1,0,東京都,トウキョウト,新宿区,シンジュクク,戸山,トヤマ,,,,,,学習院女子中・高等科,ガクシユウインジヨシチユウ・コウトウカ,戸山三丁目２０番１号,,東京都新宿区戸山三丁目２０番１号,35.70748,
46660,162865500,13,13104,131040058,162-8655,1,0,東京都,トウキョウト,新宿区,シンジュクク,戸山,トヤマ,,,,,,国立国際医療センター,コクリツコクサイイリヨウセンタ－,戸山１丁目２１－１,,東京都新宿区戸山１丁目２１－１,35.702292,
46661,162865000,13,13104,131040058,162-8650,1,0,東京都,トウキョウト,新宿区,シンジュクク,戸山,トヤマ,,,,,,学習院女子大学,ガクシユウインジヨシダイガク,戸山３丁目２０－１,,東京都新宿区戸山３丁目２０－１,35.70748,
46662,162864000,13,13104,131040058,162-8640,1,0,東京都,トウキョウト,新宿区,シンジュクク,戸山,トヤマ,,,,,,国立感染症研究所,コクリツカンセンシヨウケンキユウジヨ,戸山１丁目２３－１,,東京都新宿区戸山１丁目２３－１,35.704337,
46663,162863600,13,13104,131040058,162-8636,1,0,東京都,トウキョウト,新宿区,シンジュクク,戸山,トヤマ,,,,,,独立行政法人　国立健康・栄養研究所,ドクリツギヨウセイホウジン　コクリツケンコウ・エイヨウケンキユウジヨ,戸山１丁目２３－１,,東京都新宿区戸山１丁目２３－１,35.704337,
46664,162864400,13,13104,131040058,162-8644,1,0,東京都,トウキョウト,新宿区,シンジュクク,戸山,トヤマ,,,,,,早稲田大学　第一文学部,ワセダダイガク　ダイイチブンガクブ,戸山１丁目２４－１,,東京都新宿区戸山１丁目２４－１,35.705137,
46666,160858700,13,13104,131040059,160-8587,1,0,東京都,トウキョウト,新宿区,シンジュクク,内藤町,ナイトウマチ,,,,,,東京都水道局　新宿営業所,トウキヨウトスイドウキヨク　シンジユクエイギヨウシヨ,内藤町８７四谷区民センター３・４Ｆ,,東京都新宿区内藤町８７四谷区民センター３・４Ｆ,35.687587,
46667,160858103,13,13104,131040059,160-8581,1,0,東京都,トウキョウト,新宿区,シンジュクク,内藤町,ナイトウマチ,,,,,,四谷図書館,ヨツヤトシヨカン,内藤町８７番,,東京都新宿区内藤町８７番,35.687652,
46668,160858102,13,13104,131040059,160-8581,1,0,東京都,トウキョウト,新宿区,シンジュクク,内藤町,ナイトウマチ,,,,,,四谷地域センター,ヨツヤチイキセンタ－,内藤町８７番,,東京都新宿区内藤町８７番,35.687652,
46669,160858101,13,13104,131040059,160-8581,1,0,東京都,トウキョウト,新宿区,シンジュクク,内藤町,ナイトウマチ,,,,,,四谷区民ホール,ヨツヤクミンホ－ル,内藤町８７番,,東京都新宿区内藤町８７番,35.687652,
46670,160858100,13,13104,131040059,160-8581,1,0,東京都,トウキョウト,新宿区,シンジュクク,内藤町,ナイトウマチ,,,,,,新宿区　四谷特別出張所,シンジユクク　ヨツヤトクベツシユツチヨウジヨ,内藤町８７番,,東京都新宿区内藤町８７番,35.687652,
46671,160858000,13,13104,131040059,160-8580,1,0,東京都,トウキョウト,新宿区,シンジュクク,内藤町,ナイトウマチ,,,,,,株式会社　ワニマガジン社,カブシキガイシヤ　ワニマガジンシヤ,内藤町１,,東京都新宿区内藤町１,35.68709,
46674,161852100,13,13104,131040061,161-8521,1,0,東京都,トウキョウト,新宿区,シンジュクク,中落合,ナカオチアイ,,,,,,社会福祉法人　聖母会　聖母病院,シヤカイフクシホウジン　セイボカイ　セイボビヨウイン,中落合２丁目５－１,,東京都新宿区中落合２丁目５－１,35.719919,
46675,161852000,13,13104,131040061,161-8520,1,0,東京都,トウキョウト,新宿区,シンジュクク,中落合,ナカオチアイ,,,,,,ライオン企画　株式会社,ライオンキカク　カブシキガイシヤ,中落合１丁目６－１２,,東京都新宿区中落合１丁目６－１２,35.716552,
46676,161852200,13,13104,131040061,161-8522,1,0,東京都,トウキョウト,新宿区,シンジュクク,中落合,ナカオチアイ,,,,,,目白研心中学校・高等学校,メジロケンシンチユウガツコウ・コウトウガツコウ,中落合４丁目３１番１号,,東京都新宿区中落合４丁目３１番１号,35.717648,
46677,161852800,13,13104,131040061,161-8528,1,0,東京都,トウキョウト,新宿区,シンジュクク,中落合,ナカオチアイ,,,,,,ＪＡ全農たまご　株式会社,ジエイエ－ゼンノウタマゴ　カブシキガイシヤ,中落合２丁目７－１,,東京都新宿区中落合２丁目７－１,35.718452,
46678,161853100,13,13104,131040061,161-8531,1,0,東京都,トウキョウト,新宿区,シンジュクク,中落合,ナカオチアイ,,,,,,ウエットマスター　株式会社,ウエツトマスタ－　カブシキガイシヤ,中落合３丁目１５－１５,,東京都新宿区中落合３丁目１５－１５,35.722609,
46679,161853900,13,13104,131040061,161-8539,1,0,東京都,トウキョウト,新宿区,シンジュクク,中落合,ナカオチアイ,,,,,,目白学園,メジロガクエン,中落合４丁目３１－１,,東京都新宿区中落合４丁目３１－１,35.717648,
46681,162860800,13,13104,131040062,162-8608,1,0,東京都,トウキョウト,新宿区,シンジュクク,中里町,ナカザトチョウ,,,,,,株式会社　ピーズサイテック,カブシキガイシヤ　ピ－ズサイテツク,中里町２９,,東京都新宿区中里町２９,35.705697,
46685,161856500,13,13104,131040065,161-8565,1,0,東京都,トウキョウト,新宿区,シンジュクク,西落合,ニシオチアイ,,,,,,相模商工　株式会社,サガミシヨウコウ　カブシキガイシヤ,西落合１丁目２０－８,,東京都新宿区西落合１丁目２０－８,35.719779,
46686,161856000,13,13104,131040065,161-8560,1,0,東京都,トウキョウト,新宿区,シンジュクク,西落合,ニシオチアイ,,,,,,日本光電工業　株式会社,ニホンコウデンコウギヨウ　カブシキガイシヤ,西落合１丁目３１－４,,東京都新宿区西落合１丁目３１－４,35.719544,
46687,161857500,13,13104,131040065,161-8575,1,0,東京都,トウキョウト,新宿区,シンジュクク,西落合,ニシオチアイ,,,,,,八千代エンジニヤリング　株式会社,ヤチヨエンジニヤリング　カブシキガイシヤ,西落合２丁目１８－１２,,東京都新宿区西落合２丁目１８－１２,35.720889,
46688,161856700,13,13104,131040065,161-8567,1,0,東京都,トウキョウト,新宿区,シンジュクク,西落合,ニシオチアイ,,,,,,東京日産モーター　株式会社　丸山店,トウキヨウニツサンモ－タ－　カブシキガイシヤ　マルヤマテン,西落合２丁目１－１２,,東京都新宿区西落合２丁目１－１２,35.723467,
47223,160831600,13,13104,131040067,160-8316,1,0,東京都,トウキョウト,新宿区,シンジュクク,西新宿,ニシシンジュク,,,,,,富士重工業　株式会社,フジジユウコウギヨウ　カブシキガイシヤ,西新宿１丁目７－２スバルビル,,東京都新宿区西新宿１丁目７－２スバルビル,35.691412,
47224,160831100,13,13104,131040067,160-8311,1,0,東京都,トウキョウト,新宿区,シンジュクク,西新宿,ニシシンジュク,,,,,,有限会社　森野ウレタン社,ユウゲンガイシヤ　モリノウレタンシヤ,西新宿５丁目１０－１４西新宿橋谷田ビル２Ｆ,,東京都新宿区西新宿５丁目１０－１４西新宿橋谷田ビル２Ｆ,35.690586,
47225,160830900,13,13104,131040067,160-8309,1,0,東京都,トウキョウト,新宿区,シンジュクク,西新宿,ニシシンジュク,,,,,,小田急電鉄　株式会社,オダキユウデンテツ　カブシキガイシヤ,西新宿１丁目８－３小田急明治生命ビル,,東京都新宿区西新宿１丁目８－３小田急明治生命ビル,35.690673,
47226,160800100,13,13104,131040067,160-8001,1,0,東京都,トウキョウト,新宿区,シンジュクク,西新宿,ニシシンジュク,,,,,,株式会社　小田急百貨店,カブシキガイシヤ　オダキユウヒヤツカテン,西新宿１丁目１－３,,東京都新宿区西新宿１丁目１－３,35.69135,
47227,160830800,13,13104,131040067,160-8308,1,0,東京都,トウキョウト,新宿区,シンジュクク,西新宿,ニシシンジュク,,,,,,クラブツーリズム　株式会社,クラブツ－リズム　カブシキガイシヤ,西新宿６丁目３－１新宿アイランドウイング,,東京都新宿区西新宿６丁目３－１新宿アイランドウイング,35.693771,
47228,160830600,13,13104,131040067,160-8306,1,0,東京都,トウキョウト,新宿区,シンジュクク,西新宿,ニシシンジュク,,,,,,株式会社　日本小児医事出版社,カブシキガイシヤ　ニホンシヨウニイジシユツパンシヤ,西新宿５丁目２５－１１,,東京都新宿区西新宿５丁目２５－１１,35.690038,
47229,160832100,13,13104,131040067,160-8321,1,0,東京都,トウキョウト,新宿区,シンジュクク,西新宿,ニシシンジュク,,,,,,株式会社　京王百貨店,カブシキガイシヤ　ケイオウヒヤツカテン,西新宿１丁目１－４,,東京都新宿区西新宿１丁目１－４,35.690055,
47230,160832700,13,13104,131040067,160-8327,1,0,東京都,トウキョウト,新宿区,シンジュクク,西新宿,ニシシンジュク,,,,,,中央職業能力開発協会,チユウオウシヨクギヨウノウリヨクカイハツキヨウカイ,西新宿７丁目５番２５号西新宿木村屋ビルディング,,東京都新宿区西新宿７丁目５番２５号西新宿木村屋ビルディング,35.6972,
47231,160833000,13,13104,131040067,160-8330,1,0,東京都,トウキョウト,新宿区,シンジュクク,西新宿,ニシシンジュク,,,,,,株式会社　京王プラザホテル,カブシキガイシヤ　ケイオウプラザホテル,西新宿２丁目２－１,,東京都新宿区西新宿２丁目２－１,35.690087,
47232,160830400,13,13104,131040067,160-8304,1,0,東京都,トウキョウト,新宿区,シンジュクク,西新宿,ニシシンジュク,,,,,,東京都新宿都税事務所,トウキヨウトシンジユクトゼイジムシヨ,西新宿７丁目５－８,,東京都新宿区西新宿７丁目５－８,35.696831,
47233,160830100,13,13104,131040067,160-8301,1,0,東京都,トウキョウト,新宿区,シンジュクク,西新宿,ニシシンジュク,,,,,,株式会社　秀栄興産,カブシキガイシヤ　シユウエイコウサン,西新宿７丁目８－１０オークラヤビル,,東京都新宿区西新宿７丁目８－１０オークラヤビル,35.695925,
47234,160833400,13,13104,131040067,160-8334,1,0,東京都,トウキョウト,新宿区,シンジュクク,西新宿,ニシシンジュク,,,,,,株式会社　三松,カブシキガイシヤ　ミマツ,西新宿３丁目２－１１新宿三井２号館１４Ｆ,,東京都新宿区西新宿３丁目２－１１新宿三井２号館１４Ｆ,35.686462,
47235,163854800,13,13104,131040067,163-8548,1,0,東京都,トウキョウト,新宿区,シンジュクク,西新宿,ニシシンジュク,,,,,,株式会社　ＫＤＤＩテレサーブ,カブシキガイシヤ　ケイデイデイアイテレサ－ブ,西新宿２丁目３－３ＫＤＤＩビルアネックス５Ｆ,,東京都新宿区西新宿２丁目３－３ＫＤＤＩビルアネックス５Ｆ,35.68759,
47236,163860200,13,13104,131040067,163-8602,1,0,東京都,トウキョウト,新宿区,シンジュクク,西新宿,ニシシンジュク,,,,,,三菱ＵＦＪ信託銀行　株式会社　新宿支店,ミツビシユ－エフジエイシンタクギンコウ　カブシキガイシヤ　シンジユクシテン,西新宿１－１０－２,,東京都新宿区西新宿１－１０－２,35.68959,
47237,163801900,13,13104,131040067,163-8019,1,0,東京都,トウキョウト,新宿区,シンジュクク,西新宿,ニシシンジュク,,,,,,日本電信電話　株式会社,ニホンデンシンデンワ　カブシキガイシヤ,西新宿３丁目１９－２,,東京都新宿区西新宿３丁目１９－２,35.683454,
47238,163862600,13,13104,131040067,163-8626,1,0,東京都,トウキョウト,新宿区,シンジュクク,西新宿,ニシシンジュク,,,,,,損保ジャパン日本興亜ひまわり生命保険　株式会社,ソンポジヤパンニツポンコウアヒマワリセイメイホケン　カブシキガイシヤ,西新宿６丁目１３番１号新宿セントラルパークビル,,東京都新宿区西新宿６丁目１３番１号新宿セントラルパークビル,35.692892,
47239,160833600,13,13104,131040067,160-8336,1,0,東京都,トウキョウト,新宿区,シンジュクク,西新宿,ニシシンジュク,,,,,,新宿ワシントンホテル,シンジユクワシントンホテル,西新宿３丁目２－９,,東京都新宿区西新宿３丁目２－９,35.686809,
47240,163853500,13,13104,131040067,163-8535,1,0,東京都,トウキョウト,新宿区,シンジュクク,西新宿,ニシシンジュク,,,,,,ＫＤＤＩ総合サービス　株式会社,ケイデイデイアイソウゴウサ－ビス　カブシキガイシヤ,西新宿２丁目３－３ＫＤＤＩビルアネックス,,東京都新宿区西新宿２丁目３－３ＫＤＤＩビルアネックス,35.68759,
47241,160833100,13,13104,131040067,160-8331,1,0,東京都,トウキョウト,新宿区,シンジュクク,西新宿,ニシシンジュク,,,,,,三井不動産住宅サービス　株式会社,ミツイフドウサンジユウタクサ－ビス　カブシキガイシヤ,西新宿７丁目５－２５西新宿木村屋ビルディング,,東京都新宿区西新宿７丁目５－２５西新宿木村屋ビルディング,35.697387,
47242,163867700,13,13104,131040067,163-8677,1,0,東京都,トウキョウト,新宿区,シンジュクク,西新宿,ニシシンジュク,,,,,,学校法人　工学院大学,ガツコウホウジン　コウガクインダイガク,西新宿１丁目２４－２,,東京都新宿区西新宿１丁目２４－２,35.690611,
47243,163868000,13,13104,131040067,163-8680,1,0,東京都,トウキョウト,新宿区,シンジュクク,西新宿,ニシシンジュク,,,,,,（株）　ロッテリア,カブシキガイシヤ　ロツテリア,西新宿３丁目２０－１,,東京都新宿区西新宿３丁目２０－１,35.683952,
47244,163866600,13,13104,131040067,163-8666,1,0,東京都,トウキョウト,新宿区,シンジュクク,西新宿,ニシシンジュク,,,,,,商工組合中央金庫　新宿支店,シヨウコウクミアイチユウオウキンコ　シンジユクシテン,西新宿１丁目２２－２,,東京都新宿区西新宿１丁目２２－２,35.688784,
47245,160831900,13,13104,131040067,160-8319,1,0,東京都,トウキョウト,新宿区,シンジュクク,西新宿,ニシシンジュク,,,,,,株式会社　ビックカメラ　新宿西口店,カブシキガイシヤ　ビツクカメラ　シンジユクニシグチテン,西新宿１丁目５－１,,東京都新宿区西新宿１丁目５－１,35.692539,
47246,163083100,13,13104,131040067,163-0831,1,0,東京都,トウキョウト,新宿区,シンジュクク,西新宿,ニシシンジュク,,,,,,セントラル警備保障　（株）,セントラルケイビホシヨウ　カブシキガイシヤ,西新宿２丁目４－１新宿ＮＳビル,,東京都新宿区西新宿２丁目４－１新宿ＮＳビル,35.688045,
47247,163105300,13,13104,131040067,163-1053,1,0,東京都,トウキョウト,新宿区,シンジュクク,西新宿,ニシシンジュク,,,,,,東京ガス都市開発　（株）,トウキヨウガストシカイハツ　カブシキガイシヤ,西新宿３丁目７－１新宿パークタワー,,東京都新宿区西新宿３丁目７－１新宿パークタワー,35.68554,
47248,163094300,13,13104,131040067,163-0943,1,0,東京都,トウキョウト,新宿区,シンジュクク,西新宿,ニシシンジュク,,,,,,有限会社　東京エイドセンター,ユウゲンガイシヤ　トウキヨウエイドセンタ－,西新宿２丁目３－１新宿モノリス１６Ｆ,,東京都新宿区西新宿２丁目３－１新宿モノリス１６Ｆ,35.688616,
47249,163093800,13,13104,131040067,163-0938,1,0,東京都,トウキョウト,新宿区,シンジュクク,西新宿,ニシシンジュク,,,,,,エボニック　デグサ　ジャパン　株式会社,エボニツク　デグサ　ジヤパン　カブシキガイシヤ,西新宿２丁目３－１新宿モノリス,,東京都新宿区西新宿２丁目３－１新宿モノリス,35.688616,
47250,163093600,13,13104,131040067,163-0936,1,0,東京都,トウキョウト,新宿区,シンジュクク,西新宿,ニシシンジュク,,,,,,旭化成ホームズ　株式会社　集合住宅営業本部,アサヒカセイホ－ムズ　カブシキガイシヤ　シユウゴウジユウタクエイギヨウホンブ,西新宿２－３－１新宿モノリス,,東京都新宿区西新宿２－３－１新宿モノリス,35.688616,
47251,163086700,13,13104,131040067,163-0867,1,0,東京都,トウキョウト,新宿区,シンジュクク,西新宿,ニシシンジュク,,,,,,株式会社　京王エージェンシー,カブシキガイシヤ　ケイオウエ－ジエンシ－,西新宿２－４－１新宿ＮＳビル２３階,,東京都新宿区西新宿２－４－１新宿ＮＳビル２３階,35.687984,
47252,163085000,13,13104,131040067,163-0850,1,0,東京都,トウキョウト,新宿区,シンジュクク,西新宿,ニシシンジュク,,,,,,ミサワホームホールディングス　株式会社,ミサワホ－ムホ－ルデイングス　カブシキガイシヤ,西新宿２丁目４－１新宿ＮＳビル１６階,,東京都新宿区西新宿２丁目４－１新宿ＮＳビル１６階,35.687984,
47253,160837800,13,13104,131040067,160-8378,1,0,東京都,トウキョウト,新宿区,シンジュクク,西新宿,ニシシンジュク,,,,,,株式会社　フジタ　東京支店,カブシキカイシヤ　フジタ　トウキヨウシテン,西新宿４－３２－２２,,東京都新宿区西新宿４－３２－２２,35.687957,
47254,163083300,13,13104,131040067,163-0833,1,0,東京都,トウキョウト,新宿区,シンジュクク,西新宿,ニシシンジュク,,,,,,ミサワホーム　（株）,ミサワホ－ム　カブシキガイシヤ,西新宿２丁目４－１新宿ＮＳビル,,東京都新宿区西新宿２丁目４－１新宿ＮＳビル,35.688045,
47255,163106500,13,13104,131040067,163-1065,1,0,東京都,トウキョウト,新宿区,シンジュクク,西新宿,ニシシンジュク,,,,,,株式会社　ＪＴＢ法人東京,カブシキガイシヤ　ジエイテイ－ビ－ホウジントウキヨウ,西新宿３丁目７－１新宿パークタワー２６Ｆ,,東京都新宿区西新宿３丁目７－１新宿パークタワー２６Ｆ,35.68554,
47256,163833900,13,13104,131040067,163-8339,1,0,東京都,トウキョウト,新宿区,シンジュクク,西新宿,ニシシンジュク,,,,,,東京都住宅供給公社,トウキヨウトジユウタクキヨウキユウコウシヤ,西新宿４丁目３３－４新宿中央公園ビル,,東京都新宿区西新宿４丁目３３－４新宿中央公園ビル,35.686588,
47257,163077700,13,13104,131040067,163-0777,1,0,東京都,トウキョウト,新宿区,シンジュクク,西新宿,ニシシンジュク,,,,,,株式会社　日本システムディベロップメント,カブシキガイシヤ　ニツポンシステムデイベロツプメント,西新宿２丁目７－１小田急第一生命ビル,,東京都新宿区西新宿２丁目７－１小田急第一生命ビル,35.691566,
47258,163072700,13,13104,131040067,163-0727,1,0,東京都,トウキョウト,新宿区,シンジュクク,西新宿,ニシシンジュク,,,,,,積水化成品工業　株式会社　東京本部,セキスイカセイヒンコウギヨウ　カブシキガイシヤ　トウキヨウホンブ,西新宿２丁目７－１小田急第一生命ビル,,東京都新宿区西新宿２丁目７－１小田急第一生命ビル,35.691566,
47259,169870100,13,13104,131040067,169-8701,1,0,東京都,トウキョウト,新宿区,シンジュクク,西新宿,ニシシンジュク,,,,,,安田生命保険　相互会社,ヤスダセイメイホケン　ソウゴガイシヤ,西新宿１丁目９－１,,東京都新宿区西新宿１丁目９－１,35.690461,
47260,163801200,13,13104,131040067,163-8012,1,0,東京都,トウキョウト,新宿区,シンジュクク,西新宿,ニシシンジュク,,,,,,アイタウンプラザ・アイタウンレピア,アイタウンプラザ・アイタウンレピア,西新宿６丁目２１－１,,東京都新宿区西新宿６丁目２１－１,35.693552,
47261,163800100,13,13104,131040067,163-8001,1,0,東京都,トウキョウト,新宿区,シンジュクク,西新宿,ニシシンジュク,,,,,,東京都庁,トウキヨウトチヨウ,西新宿２丁目８－１,,東京都新宿区西新宿２丁目８－１,35.689486,
47262,163800300,13,13104,131040067,163-8003,1,0,東京都,トウキョウト,新宿区,シンジュクク,西新宿,ニシシンジュク,,,,,,ＫＤＤＩ　株式会社,ケイデイデイアイ　カブシキガイシヤ,西新宿２丁目３－２,,東京都新宿区西新宿２丁目３－２,35.687927,
47263,163083600,13,13104,131040067,163-0836,1,0,東京都,トウキョウト,新宿区,シンジュクク,西新宿,ニシシンジュク,,,,,,株式会社　エヌ・ティ・ティ・ドコモ　新宿支店,カブシキガイシヤ　エヌ・テイ・テイ・ドコモ　シンジユクシテン,西新宿２丁目４－１新宿ＮＳビル,,東京都新宿区西新宿２丁目４－１新宿ＮＳビル,35.688045,
47264,163134500,13,13104,131040067,163-1345,1,0,東京都,トウキョウト,新宿区,シンジュクク,西新宿,ニシシンジュク,,,,,,独立行政法人　都市再生機構　募集販売本部,ドクリツギヨウセイホウジン　トシサイセイキコウ　ボシユウハンバイホンブ,西新宿６丁目５－１新宿アイランドタワー,,東京都新宿区西新宿６丁目５－１新宿アイランドタワー,35.693132,
47265,163148800,13,13104,131040067,163-1488,1,0,東京都,トウキョウト,新宿区,シンジュクク,西新宿,ニシシンジュク,,,,,,サノフィ　株式会社,サノフイ　カブシキガイシヤ,西新宿３丁目２０番２号東京オペラシティタワー,,東京都新宿区西新宿３丁目２０番２号東京オペラシティタワー,35.682955,
47266,163147000,13,13104,131040067,163-1470,1,0,東京都,トウキョウト,新宿区,シンジュクク,西新宿,ニシシンジュク,,,,,,東京通販　株式会社,トウキヨウツウハン　カブシキガイシヤ,西新宿３丁目２０－２東京オペラシティタワー１５Ｆ,,東京都新宿区西新宿３丁目２０－２東京オペラシティタワー１５Ｆ,35.682955,
47267,163145500,13,13104,131040067,163-1455,1,0,東京都,トウキョウト,新宿区,シンジュクク,西新宿,ニシシンジュク,,,,,,社団法人　電気通信協会,シヤダンホウジン　デンキツウシンキヨウカイ,西新宿３丁目２０－２東京オペラシティ１３Ｆ,,東京都新宿区西新宿３丁目２０－２東京オペラシティ１３Ｆ,35.682955,
47268,163138800,13,13104,131040067,163-1388,1,0,東京都,トウキョウト,新宿区,シンジュクク,西新宿,ニシシンジュク,,,,,,日本シイエムケイ　（株）,ニツポンシイエムケイ　カブシキガイシヤ,西新宿６丁目５－１新宿アイランドタワー,,東京都新宿区西新宿６丁目５－１新宿アイランドタワー,35.693132,
47269,163138200,13,13104,131040067,163-1382,1,0,東京都,トウキョウト,新宿区,シンジュクク,西新宿,ニシシンジュク,,,,,,独立行政法人　都市再生機構　東日本支社,ドクリツギヨウセイホウジン　トシサイセイキコウ　ヒガシニホンシシヤ,西新宿６丁目５－１新宿アイランドタワー,,東京都新宿区西新宿６丁目５－１新宿アイランドタワー,35.693132,
47270,163137100,13,13104,131040067,163-1371,1,0,東京都,トウキョウト,新宿区,シンジュクク,西新宿,ニシシンジュク,,,,,,インセル　株式会社,インセル　カブシキガイシヤ,西新宿６丁目５－１新宿アイランドタワー,,東京都新宿区西新宿６丁目５－１新宿アイランドタワー,35.693132,
47271,163136300,13,13104,131040067,163-1363,1,0,東京都,トウキョウト,新宿区,シンジュクク,西新宿,ニシシンジュク,,,,,,東日本住宅　（株）,ヒガシニホンジユウタク　カブシキガイシヤ,西新宿６丁目５－１新宿アイランドタワー２０Ｆ,,東京都新宿区西新宿６丁目５－１新宿アイランドタワー２０Ｆ,35.693132,
47272,163105500,13,13104,131040067,163-1055,1,0,東京都,トウキョウト,新宿区,シンジュクク,西新宿,ニシシンジュク,,,,,,パークタワーホテル　（株）　パークハイアット東京,パ－クタワ－ホテル　カブシキガイシヤ　パ－クハイアツトトウキヨウ,西新宿３丁目７－１新宿パークタワー,,東京都新宿区西新宿３丁目７－１新宿パークタワー,35.68554,
47273,163134900,13,13104,131040067,163-1349,1,0,東京都,トウキョウト,新宿区,シンジュクク,西新宿,ニシシンジュク,,,,,,オータ事務所　株式会社,オ－タジムシヨ　カブシキガイシヤ,西新宿６丁目５－１新宿アイランドタワー２２Ｆ,,東京都新宿区西新宿６丁目５－１新宿アイランドタワー２２Ｆ,35.693132,
47274,163106100,13,13104,131040067,163-1061,1,0,東京都,トウキョウト,新宿区,シンジュクク,西新宿,ニシシンジュク,,,,,,株式会社　ＮＩＰＰＯ　関東第一支店,カブシキガイシヤ　ニツポ　カントウダイイチシテン,西新宿３－７－１,,東京都新宿区西新宿３－７－１,35.685427,
47275,163153300,13,13104,131040067,163-1533,1,0,東京都,トウキョウト,新宿区,シンジュクク,西新宿,ニシシンジュク,,,,,,株式会社　三菱東京ＵＦＪ銀行　新宿新都心支店,カブシキガイシヤ　ミツビシトウキヨウユ－エフジエイギンコウ　シンジユクシントシンシテン,西新宿１丁目６－１新宿エルタワー,,東京都新宿区西新宿１丁目６－１新宿エルタワー,35.692326,
47276,163153700,13,13104,131040067,163-1537,1,0,東京都,トウキョウト,新宿区,シンジュクク,西新宿,ニシシンジュク,,,,,,エムエスティ保険サービス　株式会社,エムエステイホケンサ－ビス　（カ,西新宿１－６－１新宿エルタワー１０階,,東京都新宿区西新宿１－６－１新宿エルタワー１０階,35.692326,
47277,163158800,13,13104,131040067,163-1588,1,0,東京都,トウキョウト,新宿区,シンジュクク,西新宿,ニシシンジュク,,,,,,（株）　日税ビジネスサービス,カブシキガイシヤ　ニチゼイビジネスサ－ビス,西新宿１丁目６－１新宿エルタワー２９Ｆ,,東京都新宿区西新宿１丁目６－１新宿エルタワー２９Ｆ,35.692326,
47278,163107300,13,13104,131040067,163-1073,1,0,東京都,トウキョウト,新宿区,シンジュクク,西新宿,ニシシンジュク,,,,,,日本ミシュランタイヤ　株式会社,ニホンミシユランタイヤ　カブシキガイシヤ,西新宿３－７－１新宿パークタワー１３階,,東京都新宿区西新宿３－７－１新宿パークタワー１３階,35.68554,
47279,163107100,13,13104,131040067,163-1071,1,0,東京都,トウキョウト,新宿区,シンジュクク,西新宿,ニシシンジュク,,,,,,日本ロレアル　株式会社,ニホンロレアル　カブシキカイシヤ,西新宿３丁目７－１,,東京都新宿区西新宿３丁目７－１,35.685427,
47280,163106600,13,13104,131040067,163-1066,1,0,東京都,トウキョウト,新宿区,シンジュクク,西新宿,ニシシンジュク,,,,,,株式会社　ＪＴＢ法人東京,カブシキガイシヤ　ジエイテイ－ビ－ホウジントウキヨウ,西新宿３丁目７－１新宿パークタワー２７Ｆ,,東京都新宿区西新宿３丁目７－１新宿パークタワー２７Ｆ,35.68554,
47281,160837500,13,13104,131040067,160-8375,1,0,東京都,トウキョウト,新宿区,シンジュクク,西新宿,ニシシンジュク,,,,,,株式会社　シー・アイ・シー,カブシキガイシヤ　シ－・アイ－・シ－,西新宿１丁目２３－７新宿ファーストウエスト,,東京都新宿区西新宿１丁目２３－７新宿ファーストウエスト,35.689705,
47282,163135000,13,13104,131040067,163-1350,1,0,東京都,トウキョウト,新宿区,シンジュクク,西新宿,ニシシンジュク,,,,,,有限会社　アイランド建設業経営状況分析センター,ユウゲンガイシヤ　アイランドケンセツギヨウケイエイジヨウキヨウブンセキセンタ－,西新宿６丁目５－１,,東京都新宿区西新宿６丁目５－１,35.693177,
47283,163055300,13,13104,131040067,163-0553,1,0,東京都,トウキョウト,新宿区,シンジュクク,西新宿,ニシシンジュク,,,,,,ケーオーデンタル　株式会社,ケ－オ－デンタル　カブシキカイシヤ,西新宿１－２６－２新宿野村ビル１９階,,東京都新宿区西新宿１－２６－２新宿野村ビル１９階,35.692951,
47284,160857700,13,13104,131040067,160-8577,1,0,東京都,トウキョウト,新宿区,シンジュクク,西新宿,ニシシンジュク,,,,,,三井住友建設　株式会社,ミツイスミトモケンセツ　カブシキガイシヤ,西新宿７丁目５－２５,,東京都新宿区西新宿７丁目５－２５,35.697471,
47285,163057500,13,13104,131040067,163-0575,1,0,東京都,トウキョウト,新宿区,シンジュクク,西新宿,ニシシンジュク,,,,,,住鉱潤滑剤　株式会社,スミコウジユンカツザイ　カブシキガイシヤ,西新宿１－２６－２新宿野村ビル１４階,,東京都新宿区西新宿１－２６－２新宿野村ビル１４階,35.692951,
47286,163057000,13,13104,131040067,163-0570,1,0,東京都,トウキョウト,新宿区,シンジュクク,西新宿,ニシシンジュク,,,,,,リードエグジビションジャパン　株式会社,リ－ドエグジビシヨンジヤパン　カブシキガイシヤ,西新宿１丁目２６－２新宿野村ビル,,東京都新宿区西新宿１丁目２６－２新宿野村ビル,35.692951,
47287,163056900,13,13104,131040067,163-0569,1,0,東京都,トウキョウト,新宿区,シンジュクク,西新宿,ニシシンジュク,,,,,,日本デルファイ・オートモーティブ・システムズ　株式会社,ニホンデルフアイ・オ－トモ－テイブ・システムズ　カブシキガイシヤ,西新宿１丁目２６－２新宿野村ビル２７Ｆ,,東京都新宿区西新宿１丁目２６－２新宿野村ビル２７Ｆ,35.692951,
47288,163056600,13,13104,131040067,163-0566,1,0,東京都,トウキョウト,新宿区,シンジュクク,西新宿,ニシシンジュク,,,,,,野村不動産　（株）,ノムラフドウサン　カブシキガイシヤ,西新宿１丁目２６－２新宿野村ビル,,東京都新宿区西新宿１丁目２６－２新宿野村ビル,35.692951,
47289,163056200,13,13104,131040067,163-0562,1,0,東京都,トウキョウト,新宿区,シンジュクク,西新宿,ニシシンジュク,,,,,,野村不動産パートナーズ　株式会社,ノムラフドウサンパ－トナ－ズ　カブシキガイシヤ,西新宿１丁目２６番２号新宿野村ビル２１Ｆ,,東京都新宿区西新宿１丁目２６番２号新宿野村ビル２１Ｆ,35.692951,
47290,163056000,13,13104,131040067,163-0560,1,0,東京都,トウキョウト,新宿区,シンジュクク,西新宿,ニシシンジュク,,,,,,東京実業健康保険組合　城西支部,トウキヨウジツギヨウケンコウホケンクミアイ　ジヨウサイシブ,西新宿１丁目２６－２新宿野村ビル,,東京都新宿区西新宿１丁目２６－２新宿野村ビル,35.692951,
47291,163065500,13,13104,131040067,163-0655,1,0,東京都,トウキョウト,新宿区,シンジュクク,西新宿,ニシシンジュク,,,,,,ＴＢＣグループ　株式会社,テイ－ビイ－シ－グル－プ　カブシキガイシヤ,西新宿１丁目２５－１新宿センタービル４３Ｆ,,東京都新宿区西新宿１丁目２５－１新宿センタービル４３Ｆ,35.691891,
47292,163055700,13,13104,131040067,163-0557,1,0,東京都,トウキョウト,新宿区,シンジュクク,西新宿,ニシシンジュク,,,,,,（株）　総合資格,カブシキガイシヤ　ソウゴウシカク,西新宿１丁目２６－２新宿野村ビル,,東京都新宿区西新宿１丁目２６－２新宿野村ビル,35.692951,
47293,163065900,13,13104,131040067,163-0659,1,0,東京都,トウキョウト,新宿区,シンジュクク,西新宿,ニシシンジュク,,,,,,エス・バイ・エル　（株）　東京支店,エス・バイ・エル　カブシキガイシヤ　トウキヨウシテン,西新宿１丁目２５－１新宿センタービル,,東京都新宿区西新宿１丁目２５－１新宿センタービル,35.691891,
47294,163047800,13,13104,131040067,163-0478,1,0,東京都,トウキョウト,新宿区,シンジュクク,西新宿,ニシシンジュク,,,,,,三和ホールディングス　株式会社,サンワホ－ルデイングス　カブシキガイシヤ,西新宿２丁目１－１新宿三井ビル５２階,,東京都新宿区西新宿２丁目１－１新宿三井ビル５２階,35.69191,
47295,163045602,13,13104,131040067,163-0456,1,0,東京都,トウキョウト,新宿区,シンジュクク,西新宿,ニシシンジュク,,,,,,日本法人化準備　株式会社,ニホンホウジンカジユンビ　カブシキガイシヤ,西新宿２－１－１新宿三井ビル,,東京都新宿区西新宿２－１－１新宿三井ビル,35.69191,
47296,163045601,13,13104,131040067,163-0456,1,0,東京都,トウキョウト,新宿区,シンジュクク,西新宿,ニシシンジュク,,,,,,アフラック・アセット・マネジメント　株式会社,アフラツク・アセツト・マネジメント　カブシキガイシヤ,西新宿２－１－１新宿三井ビル,,東京都新宿区西新宿２－１－１新宿三井ビル,35.69191,
47297,163045600,13,13104,131040067,163-0456,1,0,東京都,トウキョウト,新宿区,シンジュクク,西新宿,ニシシンジュク,,,,,,アフラック,アフラツク,西新宿２－１－１新宿三井ビル,,東京都新宿区西新宿２－１－１新宿三井ビル,35.69191,
47298,163028700,13,13104,131040067,163-0287,1,0,東京都,トウキョウト,新宿区,シンジュクク,西新宿,ニシシンジュク,,,,,,司法書士法人　中央事務所,シホウシヨシホウジン　チユウオウジムシヨ,西新宿２－６－１－１６階,,東京都新宿区西新宿２－６－１－１６階,35.691213,
47299,163027800,13,13104,131040067,163-0278,1,0,東京都,トウキョウト,新宿区,シンジュクク,西新宿,ニシシンジュク,,,,,,株式会社　朝日カルチャーセンター　通信講座,カブシキガイシヤ　アサヒカルチヤ－センタ－　ツウシンコウザ,西新宿２丁目６－１新宿住友ビル,,東京都新宿区西新宿２丁目６－１新宿住友ビル,35.691338,
47300,163026800,13,13104,131040067,163-0268,1,0,東京都,トウキョウト,新宿区,シンジュクク,西新宿,ニシシンジュク,,,,,,三井住友海上火災保険　（株）,ミツイスミトモカイジヨウカサイホケン　カブシキガイシヤ,西新宿２丁目６－１新宿住友ビル,,東京都新宿区西新宿２丁目６－１新宿住友ビル,35.691338,
47301,163055800,13,13104,131040067,163-0558,1,0,東京都,トウキョウト,新宿区,シンジュクク,西新宿,ニシシンジュク,,,,,,松田産業　（株）,マツダサンギヨウ　カブシキガイシヤ,西新宿１丁目２６－２新宿野村ビル,,東京都新宿区西新宿１丁目２６－２新宿野村ビル,35.692951,
47302,160834700,13,13104,131040067,160-8347,1,0,東京都,トウキョウト,新宿区,シンジュクク,西新宿,ニシシンジュク,,,,,,ＨＯＹＡ　株式会社,ホ－ヤ　カブシキガイシヤ,西新宿６－１０－１日土地西新宿ビル２０Ｆ,,東京都新宿区西新宿６－１０－１日土地西新宿ビル２０Ｆ,35.694604,
47303,160837400,13,13104,131040067,160-8374,1,0,東京都,トウキョウト,新宿区,シンジュクク,西新宿,ニシシンジュク,,,,,,芸能花伝舎,ゲイノウカデンシヤ,西新宿６丁目１２－３０,,東京都新宿区西新宿６丁目１２－３０,35.693973,
47304,160837300,13,13104,131040067,160-8373,1,0,東京都,トウキョウト,新宿区,シンジュクク,西新宿,ニシシンジュク,,,,,,全保連　株式会社,ゼンホレン　カブシキガイシヤ,西新宿１－２４－１エステック情報ビル１６Ｆ,,東京都新宿区西新宿１－２４－１エステック情報ビル１６Ｆ,35.690276,
47305,160836800,13,13104,131040067,160-8368,1,0,東京都,トウキョウト,新宿区,シンジュクク,西新宿,ニシシンジュク,,,,,,富国生命保険　相互会社　新宿支社,フコクセイメイホケン　ソウゴカイシヤ　シンジユクシシヤ,西新宿１丁目２３－７新宿ファーストウエスト１６Ｆ,,東京都新宿区西新宿１丁目２３－７新宿ファーストウエスト１６Ｆ,35.689782,
47306,160836600,13,13104,131040067,160-8366,1,0,東京都,トウキョウト,新宿区,シンジュクク,西新宿,ニシシンジュク,,,,,,日本テキサス・インスツルメンツ　株式会社,ニホンテキサス・インスツルメンツ　カブシキガイシヤ,西新宿６丁目２４－１西新宿三井ビルディング６Ｆ,,東京都新宿区西新宿６丁目２４－１西新宿三井ビルディング６Ｆ,35.69191,
47307,160836100,13,13104,131040067,160-8361,1,0,東京都,トウキョウト,新宿区,シンジュクク,西新宿,ニシシンジュク,,,,,,全研本社　株式会社,ゼンケンホンシヤ　カブシキガイシヤ,西新宿６－１８－１住友不動産新宿セントラルパークタワー１８階・１９階,,東京都新宿区西新宿６－１８－１住友不動産新宿セントラルパークタワー１８階・１９階,35.692905,
47308,160835800,13,13104,131040067,160-8358,1,0,東京都,トウキョウト,新宿区,シンジュクク,西新宿,ニシシンジュク,,,,,,株式会社　ビックピーカン,カブシキガイシヤ　ビツクピ－カン,西新宿１丁目５－１,,東京都新宿区西新宿１丁目５－１,35.692539,
47309,163057600,13,13104,131040067,163-0576,1,0,東京都,トウキョウト,新宿区,シンジュクク,西新宿,ニシシンジュク,,,,,,野村不動産アーバンネット　株式会社,ノムラフドウサンア－バンネツト　カブシキガイシヤ,西新宿１丁目２６番２号,,東京都新宿区西新宿１丁目２６番２号,35.692968,
47310,160835200,13,13104,131040067,160-8352,1,0,東京都,トウキョウト,新宿区,シンジュクク,西新宿,ニシシンジュク,,,,,,アニコム損害保険　株式会社,アニコムソンガイホケン　カブシキガイシヤ,西新宿８－１７－１住友不動産新宿グランドタワー３９階,,東京都新宿区西新宿８－１７－１住友不動産新宿グランドタワー３９階,35.696231,
47311,163026100,13,13104,131040067,163-0261,1,0,東京都,トウキョウト,新宿区,シンジュクク,西新宿,ニシシンジュク,,,,,,光ビジネスフォーム　株式会社,ヒカリビジネスフオ－ム　カブシキガイシヤ,西新宿２丁目６番１号新宿住友ビル１９階,,東京都新宿区西新宿２丁目６番１号新宿住友ビル１９階,35.691351,
47312,160833800,13,13104,131040067,160-8338,1,0,東京都,トウキョウト,新宿区,シンジュクク,西新宿,ニシシンジュク,,,,,,損害保険ジャパン日本興亜　株式会社,ソンガイホケンジヤパンニツポンコウア　カブシキガイシヤ,西新宿１－２６－１,,東京都新宿区西新宿１－２６－１,35.692697,
47313,163067700,13,13104,131040067,163-0677,1,0,東京都,トウキョウト,新宿区,シンジュクク,西新宿,ニシシンジュク,,,,,,芙蓉総合リース　（株）　新宿支店,フヨウソウゴウリ－ス　カブシキガイシヤ　シンジユクシテン,西新宿１丁目２５－１新宿センタービル,,東京都新宿区西新宿１丁目２５－１新宿センタービル,35.691891,
47314,163067600,13,13104,131040067,163-0676,1,0,東京都,トウキョウト,新宿区,シンジュクク,西新宿,ニシシンジュク,,,,,,株式会社　みずほ銀行　新宿新都心支店,カブシキガイシヤ　ミズホギンコウ　シンジユクシントシンシテン,西新宿１丁目２５－１新宿センタービル,,東京都新宿区西新宿１丁目２５－１新宿センタービル,35.691891,
47315,163067500,13,13104,131040067,163-0675,1,0,東京都,トウキョウト,新宿区,シンジュクク,西新宿,ニシシンジュク,,,,,,（株）　ナック,カブシキガイシヤ　ナツク,西新宿１丁目２５－１新宿センタービル,,東京都新宿区西新宿１丁目２５－１新宿センタービル,35.691891,
47316,163066900,13,13104,131040067,163-0669,1,0,東京都,トウキョウト,新宿区,シンジュクク,西新宿,ニシシンジュク,,,,,,二幸産業　（株）,ニコウサンギヨウ　カブシキガイシヤ,西新宿１丁目２５－１新宿センタービル３６Ｆ,,東京都新宿区西新宿１丁目２５－１新宿センタービル３６Ｆ,35.691891,
47317,163066500,13,13104,131040067,163-0665,1,0,東京都,トウキョウト,新宿区,シンジュクク,西新宿,ニシシンジュク,,,,,,東京建物不動産販売　（株）,トウキヨウタテモノフドウサンハンバイ　カブシキガイシヤ,西新宿１丁目２５－１新宿センタービル,,東京都新宿区西新宿１丁目２５－１新宿センタービル,35.691891,
47318,163066300,13,13104,131040067,163-0663,1,0,東京都,トウキョウト,新宿区,シンジュクク,西新宿,ニシシンジュク,,,,,,大和証券　株式会社　新宿センタービル支店,ダイワシヨウケン　カブシキガイシヤ　シンジユクセンタ－ビルシテン,西新宿１丁目２５－１新宿センタービル,,東京都新宿区西新宿１丁目２５－１新宿センタービル,35.691891,
47319,160835300,13,13104,131040067,160-8353,1,0,東京都,トウキョウト,新宿区,シンジュクク,西新宿,ニシシンジュク,,,,,,（公財）　東京都防災・建築まちづくりセンター,（コウザイ）　トウキヨウトボウサイ・ケンチクマチヅクリセンタ－,西新宿７丁目７番３０小田急西新宿Ｏ－ＰＬＡＣＥ,,東京都新宿区西新宿７丁目７番３０小田急西新宿Ｏ－ＰＬＡＣＥ,35.69684,
47390,169861100,13,13104,131040069,169-8611,1,0,東京都,トウキョウト,新宿区,シンジュクク,西早稲田,ニシワセダ,,,,,,シャプラニール　市民による海外協力の会,シヤプラニ－ル　シミンニヨルカイガイキヨウリヨクノカイ,西早稲田２丁目３－１早稲田奉仕園内,,東京都新宿区西早稲田２丁目３－１早稲田奉仕園内,35.707502,
47391,169805000,13,13104,131040069,169-8050,1,0,東京都,トウキョウト,新宿区,シンジュクク,西早稲田,ニシワセダ,,,,,,早稲田大学,ワセダダイガク,西早稲田１丁目６－１,,東京都新宿区西早稲田１丁目６－１,35.70834,
47392,169807700,13,13104,131040069,169-8077,1,0,東京都,トウキョウト,新宿区,シンジュクク,西早稲田,ニシワセダ,,,,,,株式会社　説話社　マイバースディ編集室,カブシキガイシヤ　セツワシヤ　マイバ－スデイヘンシユウシツ,西早稲田１丁目１－６,,東京都新宿区西早稲田１丁目１－６,35.707492,
47393,169850900,13,13104,131040069,169-8509,1,0,東京都,トウキョウト,新宿区,シンジュクク,西早稲田,ニシワセダ,,,,,,キリスト教学校教育同盟,キリストキヨウガツコウキヨウイクドウメイ,西早稲田２－３－１８－７２,,東京都新宿区西早稲田２－３－１８－７２,35.708022,
47394,169866400,13,13104,131040069,169-8664,1,0,東京都,トウキョウト,新宿区,シンジュクク,西早稲田,ニシワセダ,,,,,,社会福祉法人　日本盲人会連合,シヤカイフクシホウジン　ニホンモウジンカイレンゴウ,西早稲田２丁目１８－２,,東京都新宿区西早稲田２丁目１８－２,35.710094,
47395,169861200,13,13104,131040069,169-8612,1,0,東京都,トウキョウト,新宿区,シンジュクク,西早稲田,ニシワセダ,,,,,,中央開発　株式会社,チユウオウカイハツ　カブシキガイシヤ,西早稲田３丁目１３－５,,東京都新宿区西早稲田３丁目１３－５,35.710098,
47396,169860500,13,13104,131040069,169-8605,1,0,東京都,トウキョウト,新宿区,シンジュクク,西早稲田,ニシワセダ,,,,,,株式会社　ぱぁとわん,カブシキガイシヤ　パアトワン,西早稲田３丁目３０－１６,,東京都新宿区西早稲田３丁目３０－１６,35.713746,
47397,169861000,13,13104,131040069,169-8610,1,0,東京都,トウキョウト,新宿区,シンジュクク,西早稲田,ニシワセダ,,,,,,警視庁　戸塚警察署,ケイシチヨウ　トツカケイサツシヨ,西早稲田３丁目３０－１３,,東京都新宿区西早稲田３丁目３０－１３,35.713357,
47398,169860800,13,13104,131040069,169-8608,1,0,東京都,トウキョウト,新宿区,シンジュクク,西早稲田,ニシワセダ,,,,,,（株）　學燈社,カブシキガイシヤ　ガクトウシヤ,西早稲田３丁目５－１０,,東京都新宿区西早稲田３丁目５－１０,35.71227,
47399,169861600,13,13104,131040069,169-8616,1,0,東京都,トウキョウト,新宿区,シンジュクク,西早稲田,ニシワセダ,,,,,,（財）　早稲田奉仕園,ザイダンホウジン　ワセダホウシエン,西早稲田２丁目３－１,,東京都新宿区西早稲田２丁目３－１,35.707672,
47401,162864600,13,13104,131040070,162-8646,1,0,東京都,トウキョウト,新宿区,シンジュクク,馬場下町,ババシタチョウ,,,,,,共栄電資　株式会社,キヨウエイデンシ　カブシキガイシヤ,馬場下町１４,,東京都新宿区馬場下町１４,35.706339,
47402,162865400,13,13104,131040070,162-8654,1,0,東京都,トウキョウト,新宿区,シンジュクク,馬場下町,ババシタチョウ,,,,,,学校法人　早稲田高等学校,ガツコウホウジン　ワセダコウトウガツコウ,馬場下町６２,,東京都新宿区馬場下町６２,35.706796,
47404,162844600,13,13104,131040071,162-8446,1,0,東京都,トウキョウト,新宿区,シンジュクク,払方町,ハライカタマチ,,,,,,（株）　ＪＴＢパブリッシング,（カブ）　ジエイテイ－ビ－パブリツシング,払方町２５－５,,東京都新宿区払方町２５－５,35.696959,
47405,162860200,13,13104,131040071,162-8602,1,0,東京都,トウキョウト,新宿区,シンジュクク,払方町,ハライカタマチ,,,,,,株式会社　新学社　東京支社,ガブシキガイシヤ　シンガクシヤ　トウキヨウシシヤ,払方町１４－１,,東京都新宿区払方町１４－１,35.697044,
47407,162851500,13,13104,131040072,162-8515,1,0,東京都,トウキョウト,新宿区,シンジュクク,原町,ハラマチ,,,,,,株式会社　現代書林,カブシキガイシヤ　ゲンダイシヨリン,原町３丁目６１桂ビル,,東京都新宿区原町３丁目６１桂ビル,35.701614,
47408,162867000,13,13104,131040072,162-8670,1,0,東京都,トウキョウト,新宿区,シンジュクク,原町,ハラマチ,,,,,,成城中・高等学校,セイジヨウチユウ・コウトウガツコウ,原町３丁目８７,,東京都新宿区原町３丁目８７,35.69834,
47411,162856200,13,13104,131040074,162-8562,1,0,東京都,トウキョウト,新宿区,シンジュクク,東五軒町,ヒガシゴケンチョウ,,,,,,ゼブラ　株式会社,ゼブラ　カブシキガイシヤ,東五軒町２－９,,東京都新宿区東五軒町２－９,35.705576,
47412,162854000,13,13104,131040074,162-8540,1,0,東京都,トウキョウト,新宿区,シンジュクク,東五軒町,ヒガシゴケンチョウ,,,,,,株式会社　双葉社,カブシキガイシヤ　フタバシヤ,東五軒町３－２８,,東京都新宿区東五軒町３－２８,35.705267,
47413,162871000,13,13104,131040074,162-8710,1,0,東京都,トウキョウト,新宿区,シンジュクク,東五軒町,ヒガシゴケンチョウ,,,,,,株式会社　トーハン,カブシキガイシヤ　ト－ハン,東五軒町６－２４,,東京都新宿区東五軒町６－２４,35.707776,
47415,169852100,13,13104,131040075,169-8521,1,0,東京都,トウキョウト,新宿区,シンジュクク,百人町,ヒャクニンチョウ,,,,,,社団法人　俳人協会,シヤダンホウジン　ハイジンキヨウカイ,百人町３丁目２８－１０,,東京都新宿区百人町３丁目２８－１０,35.704695,
47416,169852000,13,13104,131040075,169-8520,1,0,東京都,トウキョウト,新宿区,シンジュクク,百人町,ヒャクニンチョウ,,,,,,株式会社　井成,カブシキガイシヤ　イセイ,百人町１丁目１６－２１,,東京都新宿区百人町１丁目１６－２１,35.700727,
47417,169851600,13,13104,131040075,169-8516,1,0,東京都,トウキョウト,新宿区,シンジュクク,百人町,ヒャクニンチョウ,,,,,,関東ＩＴソフトウェア健康保険組合,カントウアイテイソフトウエアケンコウホケンクミアイ,百人町２丁目２７－６,,東京都新宿区百人町２丁目２７－６,35.70222,
47418,169851700,13,13104,131040075,169-8517,1,0,東京都,トウキョウト,新宿区,シンジュクク,百人町,ヒャクニンチョウ,,,,,,大久保健診センター,オオクボケンシンセンタ－,百人町２丁目２７－６,,東京都新宿区百人町２丁目２７－６,35.70222,
47419,169852500,13,13104,131040075,169-8525,1,0,東京都,トウキョウト,新宿区,シンジュクク,百人町,ヒャクニンチョウ,,,,,,株式会社　益田屋,カブシキガイシヤ　マスダヤ,百人町２丁目２０－１７,,東京都新宿区百人町２丁目２０－１７,35.702887,
47420,169852200,13,13104,131040075,169-8522,1,0,東京都,トウキョウト,新宿区,シンジュクク,百人町,ヒャクニンチョウ,,,,,,学校法人　電子学園　日本電子専門学校,ガツコウホウジン　デンシガクエン　ニホンデンシセンモンガツコウ,百人町１丁目２５－４,,東京都新宿区百人町１丁目２５－４,35.698389,
47421,169850300,13,13104,131040075,169-8503,1,0,東京都,トウキョウト,新宿区,シンジュクク,百人町,ヒャクニンチョウ,,,,,,呉羽化学工業　株式会社　生物医学研究所,クレハカガクコウギヨウ　カブシキガイシヤ　セイブツイガクケンキユウジヨ,百人町３丁目２６－２,,東京都新宿区百人町３丁目２６－２,35.705663,
47423,162848400,13,13104,131040076,162-8484,1,0,東京都,トウキョウト,新宿区,シンジュクク,袋町,フクロマチ,,,,,,公益財団法人　ユネスコ・アジア文化センター,コウエキザイダンホウジン　ユネスコ・アジアブンカセンタ－,袋町６,,東京都新宿区袋町６,35.700859,
47429,160851900,13,13104,131040082,160-8519,1,0,東京都,トウキョウト,新宿区,シンジュクク,南元町,ミナミモトマチ,,,,,,社団法人　金融財政事情研究会,シヤダンホウジン　キンユウザイセイジジヨウケンキユウカイ,南元町１９,,東京都新宿区南元町１９,35.679456,
47430,160852200,13,13104,131040082,160-8522,1,0,東京都,トウキョウト,新宿区,シンジュクク,南元町,ミナミモトマチ,,,,,,女子学生会館　「明泉」,ジヨシガクセイカイカン　＜メイセン＞,南元町６－２,,東京都新宿区南元町６－２,35.680432,
47431,160852100,13,13104,131040082,160-8521,1,0,東京都,トウキョウト,新宿区,シンジュクク,南元町,ミナミモトマチ,,,,,,公明機関紙局,コウメイキカンシキヨク,南元町１８,,東京都新宿区南元町１８,35.679201,
47432,160852000,13,13104,131040082,160-8520,1,0,東京都,トウキョウト,新宿区,シンジュクク,南元町,ミナミモトマチ,,,,,,株式会社　きんざい,カブシキガイシヤ　キンザイ,南元町１９,,東京都新宿区南元町１９,35.679456,
47435,162861200,13,13104,131040084,162-8612,1,0,東京都,トウキョウト,新宿区,シンジュクク,山吹町,ヤマブキチョウ,,,,,,東京都立新宿山吹高等学校,トウキヨウトリツシンジユクヤマブキコウトウガツコウ,山吹町８１,,東京都新宿区山吹町８１,35.7072,
47436,162862600,13,13104,131040084,162-8626,1,0,東京都,トウキョウト,新宿区,シンジュクク,山吹町,ヤマブキチョウ,,,,,,全国測量業　厚生年金基金,ゼンコクソクリヨウギヨウ　コウセイネンキンキキン,山吹町１１－１,,東京都新宿区山吹町１１－１,35.706682,
47437,162862400,13,13104,131040084,162-8624,1,0,東京都,トウキョウト,新宿区,シンジュクク,山吹町,ヤマブキチョウ,,,,,,教職員共済生活協同組合,キヨウシヨクインキヨウサイセイカツ　キヨウドウクミアイ,山吹町１０－１ラポール日教済内,,東京都新宿区山吹町１０－１ラポール日教済内,35.706467,
47438,162860400,13,13104,131040084,162-8604,1,0,東京都,トウキョウト,新宿区,シンジュクク,山吹町,ヤマブキチョウ,,,,,,株式会社　ダイアプレス,カブシキガイシヤ　ダイアプレス,山吹町３３１ＤＩＡＢＯＸ,,東京都新宿区山吹町３３１ＤＩＡＢＯＸ,35.707232,
47439,112870200,13,13104,131040084,112-8702,1,0,東京都,トウキョウト,新宿区,シンジュクク,山吹町,ヤマブキチョウ,,,,,,株式会社　日本アカデミー,カブシキガイシヤ　ニホンアカデミ－,山吹町３５０,,東京都新宿区山吹町３５０,35.708363,
47441,162851200,13,13104,131040085,162-8512,1,0,東京都,トウキョウト,新宿区,シンジュクク,矢来町,ヤライチョウ,,,,,,株式会社　自治体研究社,カブシキガイシヤ　ジチタイケンキユウシヤ,矢来町１２３,,東京都新宿区矢来町１２３,35.704223,
47442,162871100,13,13104,131040085,162-8711,1,0,東京都,トウキョウト,新宿区,シンジュクク,矢来町,ヤライチョウ,,,,,,株式会社　新潮社,カブシキガイシヤ　シンチヨウシヤ,矢来町７１,,東京都新宿区矢来町７１,35.703056,
47444,162868000,13,13104,131040086,162-8680,1,0,東京都,トウキョウト,新宿区,シンジュクク,横寺町,ヨコテラマチ,,,,,,株式会社　旺文社,カブシキガイシヤ　オウブンシヤ,横寺町５５,,東京都新宿区横寺町５５,35.700466,
47445,162805500,13,13104,131040086,162-8055,1,0,東京都,トウキョウト,新宿区,シンジュクク,横寺町,ヨコテラマチ,,,,,,公益財団法人　日本英語検定協会,コウエキザイダンホウジン　ニホンエイゴケンテイキヨウカイ,横寺町５５,,東京都新宿区横寺町５５,35.700466,
47448,160851200,13,13104,131040088,160-8512,1,0,東京都,トウキョウト,新宿区,シンジュクク,四谷,ヨツヤ,,,,,,生活協同組合　東京マイコープ,セイカツキヨウドウクミアイ　トウキヨウマイコ－プ,四谷４丁目２８－７,,東京都新宿区四谷４丁目２８－７,35.68781,
47449,160851100,13,13104,131040088,160-8511,1,0,東京都,トウキョウト,新宿区,シンジュクク,四谷,ヨツヤ,,,,,,大塚刷毛製造　（株）,オオツカハケセイゾウ　カブシキガイシヤ,四谷４丁目１,,東京都新宿区四谷４丁目１,35.687247,
47450,160851000,13,13104,131040088,160-8510,1,0,東京都,トウキョウト,新宿区,シンジュクク,四谷,ヨツヤ,,,,,,新菱冷熱工業　株式会社,シンリヨウレイネツコウギヨウ　カブシキガイシヤ,四谷１丁目６番１号コモレ四谷・四谷タワー５階,,東京都新宿区四谷１丁目６番１号コモレ四谷・四谷タワー５階,35.687158,
47451,160850700,13,13104,131040088,160-8507,1,0,東京都,トウキョウト,新宿区,シンジュクク,四谷,ヨツヤ,,,,,,全国健康保険協会　本部,ゼンコクケンコウホケンキヨウカイ　ホンブ,四谷１丁目６番１号６階,,東京都新宿区四谷１丁目６番１号６階,35.687158,
47452,160838900,13,13104,131040088,160-8389,1,0,東京都,トウキョウト,新宿区,シンジュクク,四谷,ヨツヤ,,,,,,社団法人　日本薬剤師会,シヤダンホウジン　ニホンヤクザイシカイ,四谷３丁目３－１富士・国保連ビル７Ｆ,,東京都新宿区四谷３丁目３－１富士・国保連ビル７Ｆ,35.688358,
47453,160840300,13,13104,131040088,160-8403,1,0,東京都,トウキョウト,新宿区,シンジュクク,四谷,ヨツヤ,,,,,,川辺　株式会社,カワベ　カブシキガイシヤ,四谷４丁目１６－３日本生命新宿御苑前ビル,,東京都新宿区四谷４丁目１６－３日本生命新宿御苑前ビル,35.689177,
47454,160845000,13,13104,131040088,160-8450,1,0,東京都,トウキョウト,新宿区,シンジュクク,四谷,ヨツヤ,,,,,,株式会社　長谷工コミュニティ　東京支店,カブシキガイシヤ　ハセコウコミユニテイ　トウキヨウシテン,四谷４丁目３４－１新宿御苑前アネックスビル４Ｆ,,東京都新宿区四谷４丁目３４－１新宿御苑前アネックスビル４Ｆ,35.690224,
47455,160851500,13,13104,131040088,160-8515,1,0,東京都,トウキョウト,新宿区,シンジュクク,四谷,ヨツヤ,,,,,,持田製薬　（株）,モチダセイヤク　カブシキガイシヤ,四谷１丁目７,,東京都新宿区四谷１丁目７,35.686902,
47457,160854300,13,13104,131040097,160-8543,1,0,東京都,トウキョウト,新宿区,シンジュクク,四谷坂町,ヨツヤサカマチ,,,,,,コモンズ　株式会社,コモンズ　カブシキガイシヤ,四谷坂町１２番２１号,,東京都新宿区四谷坂町１２番２１号,35.69122,
47459,160853000,13,13104,131040099,160-8530,1,0,東京都,トウキョウト,新宿区,シンジュクク,四谷三栄町,ヨツヤサンエイチョウ,,,,,,四谷税務署,ヨツヤゼイムシヨ,四谷三栄町７番７号,,東京都新宿区四谷三栄町７番７号,35.688333,
47461,160857500,13,13104,131040098,160-8575,1,0,東京都,トウキョウト,新宿区,シンジュクク,四谷本塩町,ヨツヤホンシオチョウ,,,,,,雪印メグミルク　株式会社,ユキジルシメグミルク　カブシキカイシヤ,四谷本塩町５番１号,,東京都新宿区四谷本塩町５番１号,35.688175,
47464,162863900,13,13104,131040090,162-8639,1,0,東京都,トウキョウト,新宿区,シンジュクク,若松町,ワカマツチョウ,,,,,,東京都赤十字血液センター,トウキヨウトセキジユウジケツエキセンタ－,若松町１２－２,,東京都新宿区若松町１２－２,35.699265,
47465,162802200,13,13104,131040090,162-8022,1,0,東京都,トウキョウト,新宿区,シンジュクク,若松町,ワカマツチョウ,,,,,,総務省　人事・恩給局,ソウムシヨウ　ジンジ・オンキユウキヨク,若松町１９－１,,東京都新宿区若松町１９－１,35.700746,
47466,162866800,13,13104,131040090,162-8668,1,0,東京都,トウキョウト,新宿区,シンジュクク,若松町,ワカマツチョウ,,,,,,総務省　統計局,ソウムシヨウ　トウケイキヨク,若松町１９－１,,東京都新宿区若松町１９－１,35.700746,
47470,162871800,13,13104,131040093,162-8718,1,0,東京都,トウキョウト,新宿区,シンジュクク,早稲田町,ワセダマチ,,,,,,株式会社　学文社,カブシキガイシヤ　ガクブンシヤ,早稲田町５－４,,東京都新宿区早稲田町５－４,35.705354,
47471,162871700,13,13104,131040093,162-8717,1,0,東京都,トウキョウト,新宿区,シンジュクク,早稲田町,ワセダマチ,,,,,,株式会社　学文社,カブシキガイシヤ　ガクブンシヤ,早稲田町５－４,,東京都新宿区早稲田町５－４,35.705354,
47472,162866900,13,13104,131040093,162-8669,1,0,東京都,トウキョウト,新宿区,シンジュクク,早稲田町,ワセダマチ,,,,,,綜通　株式会社,ソウツウ　カブシキガイシヤ,早稲田町６９,,東京都新宿区早稲田町６９,35.705931,
